ГАЗ,24,ГАЗ 24 10,https://cars.av.by/gaz/24/16536600,1989,с пробегом,77000,бензин,2400,белый,седан,Механика,Задний,250
ГАЗ,24,ГАЗ 24 10,https://cars.av.by/gaz/24/16548883,1989,с пробегом,77000,бензин,2400,белый,седан,Механика,Задний,250
ГАЗ,24,ГАЗ 24 2 серия,https://cars.av.by/gaz/24/16585911,1977,с повреждениями,1,бензин,2400,серый,седан,Механика,Задний,1 600
ГАЗ,24,ГАЗ 24 10,https://cars.av.by/gaz/24/14270801,1986,с пробегом,81945,бензин,2500,белый,седан,Механика,Задний,1 500
ГАЗ,24,ГАЗ 24 10,https://cars.av.by/gaz/24/16189534,1987,с пробегом,117000,бензин,2400,белый,седан,Механика,Задний,1 450
ГАЗ,24,ГАЗ 24 10,https://cars.av.by/gaz/24/16536578,1989,с пробегом,13900,бензин,2400,серый,седан,Механика,Задний,1 198
ГАЗ,24,ГАЗ 24 10,https://cars.av.by/gaz/24/15522785,1990,с пробегом,35000,бензин,2400,серый,седан,Механика,Задний,600
ГАЗ,24,ГАЗ 24 1 серия,https://cars.av.by/gaz/24/13872946,1974,с пробегом,635940,бензин,2400,серый,седан,Механика,Задний,750
ГАЗ,24,ГАЗ 24 2 серия,https://cars.av.by/gaz/24/15919770,1982,с пробегом,180000,бензин,2400,черный,седан,Механика,Задний,700
ГАЗ,24,ГАЗ 24 10,https://cars.av.by/gaz/24/16596156,1988,с пробегом,7800,бензин,2400,серый,седан,Механика,Задний,800
ГАЗ,24,ГАЗ 24 2 серия,https://cars.av.by/gaz/24/15950017,1983,с пробегом,138000,бензин,2400,серый,седан,Механика,Задний,5 489
ГАЗ,24,ГАЗ 24 10,https://cars.av.by/gaz/24/16469473,1989,с пробегом,135000,бензин,2445,другой,седан,Механика,Задний,2 500
ГАЗ,24,ГАЗ 24 2 серия,https://cars.av.by/gaz/24/16457973,1984,с пробегом,1,бензин,2400,другой,седан,Механика,Задний,500
ГАЗ,24,ГАЗ 24 10,https://cars.av.by/gaz/24/16592363,1988,с пробегом,107000,бензин,2400,белый,седан,Механика,Задний,2 712
ГАЗ,24,ГАЗ 24 1 серия,https://cars.av.by/gaz/24/16546812,1972,с пробегом,150000,бензин,2400,белый,седан,Механика,Задний,300
ГАЗ,24,ГАЗ 24 2 серия,https://cars.av.by/gaz/24/13890754,1989,с пробегом,73284,бензин,2300,серый,седан,Механика,Задний,588
ГАЗ,24,ГАЗ 24 10 ГАЗ 2410,https://cars.av.by/gaz/24/15652437,1991,с пробегом,164335,бензин,2400,желтый,седан,Механика,Задний,2 200
ГАЗ,24,ГАЗ 24 10,https://cars.av.by/gaz/24/16417358,1989,с пробегом,8900,бензин,2400,другой,седан,Механика,Задний,900
ГАЗ,24,ГАЗ 24 1 серия,https://cars.av.by/gaz/24/15965208,1972,с пробегом,49000,бензин,2400,серый,седан,Механика,Задний,1 700
ГАЗ,24,ГАЗ 24 2 серия,https://cars.av.by/gaz/24/16563976,1985,с пробегом,111,бензин,3200,красный,седан,Автомат,Задний,4 000
ГАЗ,24,ГАЗ 24 2 серия Проект,https://cars.av.by/gaz/24/16299265,1978,с пробегом,100000,бензин,2600,черный,седан,Механика,Задний,2 500
ГАЗ,24,ГАЗ 24 2 серия,https://cars.av.by/gaz/24/16368430,1982,с пробегом,111,бензин,2400,белый,седан,Механика,Задний,700
ГАЗ,24,ГАЗ 24 2 серия,https://cars.av.by/gaz/24/16570350,1978,с пробегом,999999,бензин,2445,зеленый,седан,Механика,Задний,3 000
ГАЗ,24,ГАЗ 24 10,https://cars.av.by/gaz/24/16430296,1990,с пробегом,40000,бензин,2400,белый,седан,Механика,Задний,700
ГАЗ,24,ГАЗ 24 1 серия,https://cars.av.by/gaz/24/16558545,1973,с пробегом,2500,бензин,2500,белый,седан,Механика,Задний,1 500
ГАЗ,24,ГАЗ 24 2 серия,https://cars.av.by/gaz/24/16543241,1980,с пробегом,140000,бензин (пропан-бутан),2445,белый,седан,Механика,Задний,1 050
ГАЗ,24,ГАЗ 24 10,https://cars.av.by/gaz/24/16559458,1989,с пробегом,100000,бензин,2400,белый,седан,Механика,Задний,1 100
ГАЗ,24,ГАЗ 24 10 2110,https://cars.av.by/gaz/24/16549521,1987,с пробегом,79385,бензин,2400,белый,седан,Механика,Задний,500
ГАЗ,24,ГАЗ 24 2 серия ВОЛГА,https://cars.av.by/gaz/24/14634616,1983,с пробегом,900,бензин,2400,другой,седан,Механика,Задний,16 000
ГАЗ,24,ГАЗ 24 2 серия,https://cars.av.by/gaz/24/16545908,1980,с пробегом,68000,бензин,2400,черный,седан,Механика,Задний,400
ГАЗ,24,ГАЗ 24 10,https://cars.av.by/gaz/24/16536369,1989,с пробегом,79000,бензин,2400,черный,седан,Механика,Задний,3 617
ГАЗ,24,ГАЗ 24 10,https://cars.av.by/gaz/24/16523056,1987,с пробегом,106,бензин,2400,серый,седан,Механика,Задний,650
ГАЗ,24,ГАЗ 24 10 2410,https://cars.av.by/gaz/24/16397356,1990,с пробегом,139000,бензин,2445,другой,седан,Механика,Задний,1 800
ГАЗ,24,ГАЗ 24 10,https://cars.av.by/gaz/24/16276038,1991,с пробегом,100000,бензин (пропан-бутан),2400,серый,седан,Механика,Задний,1 800
ГАЗ,24,ГАЗ 24 2 серия,https://cars.av.by/gaz/24/16115695,1977,с пробегом,80000,бензин,2400,синий,седан,Механика,Задний,2 500
ГАЗ,24,ГАЗ 24 10,https://cars.av.by/gaz/24/16472400,1986,с пробегом,20000,бензин (пропан-бутан),2445,другой,седан,Механика,900
ГАЗ,24,ГАЗ 24 1 серия,https://cars.av.by/gaz/24/15905602,1976,с повреждениями,340000,бензин,2400,серый,седан,Механика,500
ГАЗ,24,ГАЗ 24 10,https://cars.av.by/gaz/24/16444239,1991,с пробегом,160000,бензин,2200,белый,седан,Механика,Задний,1 356
ГАЗ,24,ГАЗ 24 10,https://cars.av.by/gaz/24/16014780,1986,с пробегом,186000,бензин (пропан-бутан),2400,серый,седан,Механика,Задний,950
ГАЗ,24,ГАЗ 24 2 серия,https://cars.av.by/gaz/24/14516296,1984,с пробегом,99999,бензин (пропан-бутан),2400,белый,седан,Механика,Задний,900
ГАЗ,24,ГАЗ 24 1 серия,https://cars.av.by/gaz/24/16177249,1974,с пробегом,70350,бензин,2400,белый,седан,Механика,Задний,1 500
ГАЗ,24,ГАЗ 24 2 серия,https://cars.av.by/gaz/24/16364261,1984,с пробегом,400000,бензин,2400,серый,седан,Механика,Задний,300
ГАЗ,3102,ГАЗ 3102,https://cars.av.by/gaz/3102/16589228,1995,с пробегом,100000,бензин,2400,черный,седан,Механика,Задний,1 500
ГАЗ,3102,ГАЗ 3102 02,https://cars.av.by/gaz/3102/16548248,1994,с повреждениями,110000,бензин,2400,черный,седан,Механика,Задний,800
ГАЗ,3102,ГАЗ 3102,https://cars.av.by/gaz/3102/16551178,2008,на запчасти,240000,бензин,2400,серебристый,седан,Механика,Задний,750
ГАЗ,3102,ГАЗ 3102,https://cars.av.by/gaz/3102/16553254,2006,с пробегом,350000,бензин,2400,серебристый,седан,Механика,Задний,750
ГАЗ,3102,ГАЗ 3102,https://cars.av.by/gaz/3102/14206000,2001,с пробегом,50000,бензин,2300,белый,седан,Механика,Задний,1 108
ГАЗ,31029,ГАЗ 31029,https://cars.av.by/gaz/31029/16412152,1996,с пробегом,150000,бензин,2400,белый,седан,Механика,Задний,750
ГАЗ,31029,ГАЗ 31029,https://cars.av.by/gaz/31029/16366033,1993,с пробегом,46000,бензин,2400,белый,седан,Механика,Задний,400
ГАЗ,31029,ГАЗ 31029,https://cars.av.by/gaz/31029/16372106,1994,с пробегом,69615,бензин,2400,серый,седан,Механика,Задний,800
ГАЗ,31029,ГАЗ 31029 Волга 31029,https://cars.av.by/gaz/31029/16563366,1996,с пробегом,1000,бензин,2400,белый,седан,Механика,Задний,1 050
ГАЗ,31029,ГАЗ 31029,https://cars.av.by/gaz/31029/16560551,1995,с пробегом,90000,бензин,2400,серый,седан,Механика,Задний,550
ГАЗ,31029,ГАЗ 31029,https://cars.av.by/gaz/31029/16508235,1996,с пробегом,160000,бензин,2287,белый,седан,Механика,Задний,800
ГАЗ,31029,ГАЗ 31029,https://cars.av.by/gaz/31029/16551617,1991,с пробегом,150000,бензин (пропан-бутан),2400,белый,седан,Механика,Задний,800
ГАЗ,31029,ГАЗ 31029,https://cars.av.by/gaz/31029/16307871,1994,с пробегом,104000,бензин,2400,белый,седан,Механика,Задний,450
ГАЗ,31029,ГАЗ 31029,https://cars.av.by/gaz/31029/15480408,1997,с пробегом,47359,бензин,2000,серый,седан,Механика,Задний,1 999
ГАЗ,31029,ГАЗ 31029,https://cars.av.by/gaz/31029/16151933,1995,с пробегом,30000,бензин,2400,черный,седан,Механика,Задний,723
ГАЗ,31029,ГАЗ 31029,https://cars.av.by/gaz/31029/16242083,1996,с пробегом,2269,бензин,1800,серый,седан,Механика,Задний,500
ГАЗ,31029,ГАЗ 31029,https://cars.av.by/gaz/31029/16453150,1994,с пробегом,81000,бензин,2400,другой,седан,Механика,600
ГАЗ,31029,ГАЗ 31029,https://cars.av.by/gaz/31029/16452463,1996,с пробегом,160000,бензин,2400,белый,седан,Механика,Задний,500
ГАЗ,31029,ГАЗ 31029 экспорт,https://cars.av.by/gaz/31029/16423728,1990,с пробегом,1500,бензин,2400,белый,седан,Механика,Задний,5 000
ГАЗ,31029,ГАЗ 31029,https://cars.av.by/gaz/31029/14457170,1996,с пробегом,100000,бензин,2400,черный,седан,Механика,316
ГАЗ,31029,ГАЗ 31029,https://cars.av.by/gaz/31029/16360457,1999,с пробегом,200000,бензин,2400,белый,универсал,Механика,Передний,1 600
ГАЗ,3110,ГАЗ 3110,https://cars.av.by/gaz/3110/16437877,1998,с пробегом,90000,бензин,2300,зеленый,седан,Механика,Задний,1 100
ГАЗ,3110,ГАЗ 3110,https://cars.av.by/gaz/3110/15753624,1999,с пробегом,78000,бензин,2300,зеленый,седан,Механика,Задний,700
ГАЗ,3110,ГАЗ 3110,https://cars.av.by/gaz/3110/16369136,1999,с пробегом,140000,бензин,2400,зеленый,седан,Механика,Задний,800
ГАЗ,3110,ГАЗ 3110,https://cars.av.by/gaz/3110/16463655,1998,с пробегом,150000,бензин (пропан-бутан),2400,белый,седан,Механика,Задний,1 600
ГАЗ,3110,ГАЗ 3110,https://cars.av.by/gaz/3110/16597030,1998,с пробегом,160000,бензин,2400,черный,седан,Механика,Задний,1 000
ГАЗ,3110,ГАЗ 3110,https://cars.av.by/gaz/3110/16568053,1999,с пробегом,200000,бензин (пропан-бутан),2400,зеленый,седан,Механика,Задний,407
ГАЗ,3110,ГАЗ 3110,https://cars.av.by/gaz/3110/16416477,2000,с пробегом,169000,бензин,2400,белый,седан,Механика,Задний,750
ГАЗ,3110,ГАЗ 3110,https://cars.av.by/gaz/3110/16588497,1998,с пробегом,73000,бензин,2400,белый,седан,Механика,Задний,1 000
ГАЗ,3110,ГАЗ 3110,https://cars.av.by/gaz/3110/16461359,2004,с пробегом,256000,бензин,2400,черный,седан,Механика,Задний,900
ГАЗ,3110,ГАЗ 3110,https://cars.av.by/gaz/3110/16571283,1999,с пробегом,273601,бензин,2400,серый,седан,Механика,Задний,405
ГАЗ,3110,ГАЗ 3110,https://cars.av.by/gaz/3110/16290812,2001,с пробегом,124256,бензин,2400,синий,седан,Механика,Задний,2 000
ГАЗ,3110,ГАЗ 3110,https://cars.av.by/gaz/3110/16595777,2002,с пробегом,146000,бензин,2300,белый,седан,Механика,Задний,1 266
ГАЗ,3110,ГАЗ 3110,https://cars.av.by/gaz/3110/16542968,1999,с пробегом,90000,бензин,2400,зеленый,седан,Механика,Задний,1 600
ГАЗ,3110,ГАЗ 3110,https://cars.av.by/gaz/3110/16417467,2000,с пробегом,193414,дизель,2100,белый,седан,Механика,Задний,1 800
ГАЗ,3110,ГАЗ 3110,https://cars.av.by/gaz/3110/16590247,1998,с пробегом,59999,бензин,2400,черный,седан,Механика,Передний,590
ГАЗ,3110,ГАЗ 3110,https://cars.av.by/gaz/3110/16567117,1998,с пробегом,90000,бензин,2400,фиолетовый,седан,Механика,Задний,2 000
ГАЗ,3110,ГАЗ 3110,https://cars.av.by/gaz/3110/16573729,1999,с пробегом,123456,бензин,2400,зеленый,седан,Механика,Задний,1 100
ГАЗ,3110,ГАЗ 3110,https://cars.av.by/gaz/3110/16065839,2000,с пробегом,100000,бензин,2400,зеленый,седан,Механика,Задний,2 000
ГАЗ,3110,ГАЗ 3110,https://cars.av.by/gaz/3110/16594711,2000,с повреждениями,350067,бензин,2400,черный,седан,Механика,350
ГАЗ,3110,ГАЗ 3110,https://cars.av.by/gaz/3110/16523232,1998,с пробегом,97000,бензин,2400,серый,седан,Механика,Задний,750
ГАЗ,3110,ГАЗ 3110,https://cars.av.by/gaz/3110/16418468,1998,с пробегом,55000,бензин,2400,черный,седан,Механика,Задний,850
ГАЗ,3110,ГАЗ 3110,https://cars.av.by/gaz/3110/16296291,2002,с пробегом,224000,бензин,2400,другой,седан,Механика,Задний,1 500
ГАЗ,3110,ГАЗ 3110,https://cars.av.by/gaz/3110/16581726,2002,с пробегом,200125,бензин,2400,серебристый,седан,Механика,Задний,452
ГАЗ,3110,ГАЗ 3110,https://cars.av.by/gaz/3110/16258881,2003,с пробегом,125000,бензин,2275,черный,седан,Механика,Задний,3 900
ГАЗ,3110,ГАЗ 3110,https://cars.av.by/gaz/3110/16541925,2000,с пробегом,121667,бензин,2400,зеленый,седан,Механика,Задний,1 000
ГАЗ,3110,ГАЗ 3110,https://cars.av.by/gaz/3110/15768567,1998,с пробегом,345654,бензин,2400,белый,седан,Механика,Задний,450
ГАЗ,3110,ГАЗ 3110,https://cars.av.by/gaz/3110/16167964,2000,с пробегом,68500,бензин,2400,белый,седан,Механика,Задний,800
ГАЗ,3110,ГАЗ 3110,https://cars.av.by/gaz/3110/16388360,1999,с пробегом,180000,бензин,2400,зеленый,седан,Механика,Задний,1 100
ГАЗ,3110,ГАЗ 3110,https://cars.av.by/gaz/3110/15961216,2000,с пробегом,370000,бензин (пропан-бутан),2400,белый,седан,Механика,1 000
ГАЗ,3110,ГАЗ 3110,https://cars.av.by/gaz/3110/16525615,1999,с пробегом,199000,бензин,2400,белый,седан,Механика,Задний,600
ГАЗ,3110,ГАЗ 3110,https://cars.av.by/gaz/3110/16478187,1998,с пробегом,110440,бензин,2450,серый,седан,Механика,Задний,1 741
ГАЗ,3110,ГАЗ 3110,https://cars.av.by/gaz/3110/16581176,1999,с пробегом,48000,бензин,2400,белый,седан,Механика,1 000
ГАЗ,3110,ГАЗ 3110,https://cars.av.by/gaz/3110/16457906,1998,с пробегом,298000,бензин,2400,синий,седан,Механика,Задний,452
ГАЗ,3110,ГАЗ 3110,https://cars.av.by/gaz/3110/16541233,1998,с пробегом,48000,бензин,2300,серый,седан,Механика,Задний,2 500
ГАЗ,3110,ГАЗ 3110,https://cars.av.by/gaz/3110/15755501,2000,с пробегом,205000,бензин,2300,зеленый,седан,Механика,Задний,2 000
ГАЗ,3110,ГАЗ 3110,https://cars.av.by/gaz/3110/16567958,1999,с пробегом,350000,бензин,2400,белый,седан,Механика,Задний,190
ГАЗ,3110,ГАЗ 3110,https://cars.av.by/gaz/3110/16527419,1998,с пробегом,250000,бензин,2400,серый,седан,Механика,Задний,315
ГАЗ,3110,ГАЗ 3110,https://cars.av.by/gaz/3110/16259865,2001,с пробегом,132330,бензин,2400,черный,седан,Механика,Задний,800
ГАЗ,3110,ГАЗ 3110,https://cars.av.by/gaz/3110/16370110,2001,с пробегом,389065,бензин,2400,белый,седан,Механика,Задний,452
ГАЗ,3110,ГАЗ 3110,https://cars.av.by/gaz/3110/13866387,1998,с пробегом,26809,бензин,2500,черный,седан,Механика,Задний,3 500
ГАЗ,3110,ГАЗ 3110,https://cars.av.by/gaz/3110/16393484,2000,с пробегом,230000,бензин,2400,белый,седан,Механика,Задний,500
ГАЗ,3110,ГАЗ 3110,https://cars.av.by/gaz/3110/16050221,2000,с пробегом,156433,бензин,2286,синий,седан,Механика,Задний,1 175
ГАЗ,3110,ГАЗ 3110,https://cars.av.by/gaz/3110/16530436,1999,с пробегом,200000,бензин,2400,белый,седан,Механика,Задний,500
ГАЗ,3110,ГАЗ 3110,https://cars.av.by/gaz/3110/15862585,1999,с повреждениями,150000,бензин,2400,белый,седан,Механика,Задний,300
ГАЗ,3110,ГАЗ 3110,https://cars.av.by/gaz/3110/13754405,2000,с пробегом,75000,бензин,2200,другой,седан,Механика,Задний,1 200
ГАЗ,3110,ГАЗ 3110,https://cars.av.by/gaz/3110/16511497,2001,с пробегом,250000,бензин,2300,белый,седан,Механика,Задний,700
ГАЗ,3110,ГАЗ 3110,https://cars.av.by/gaz/3110/16193078,1998,с пробегом,110000,бензин,2400,синий,седан,Механика,Задний,800
ГАЗ,3110,ГАЗ 3110,https://cars.av.by/gaz/3110/16330294,1998,с пробегом,80000,бензин,2400,другой,седан,Механика,690
ГАЗ,3110,ГАЗ 3110,https://cars.av.by/gaz/3110/16424091,2001,с пробегом,350000,бензин,2400,черный,седан,Механика,Задний,850
ГАЗ,3110,ГАЗ 3110,https://cars.av.by/gaz/3110/16409241,1989,с пробегом,1000,бензин (пропан-бутан),2600,зеленый,седан,Механика,Задний,452
ГАЗ,3110,ГАЗ 3110,https://cars.av.by/gaz/3110/16323382,1999,с пробегом,1,бензин,2400,белый,седан,Механика,1 000
ГАЗ,3110,ГАЗ 3110,https://cars.av.by/gaz/3110/16383670,1998,с пробегом,111,бензин,2400,серый,седан,Механика,Передний,950
ГАЗ,3110,ГАЗ 3110,https://cars.av.by/gaz/3110/16430266,1998,с пробегом,250000,бензин (пропан-бутан),2400,серый,седан,Механика,Задний,1 000
ГАЗ,3110,ГАЗ 3110,https://cars.av.by/gaz/3110/16451235,1999,с пробегом,225000,бензин,2400,белый,седан,Механика,814
ГАЗ,3110,ГАЗ 3110,https://cars.av.by/gaz/3110/15679894,1999,с пробегом,130000,бензин,2400,другой,седан,Механика,Задний,1 000
ГАЗ,3110,ГАЗ 3110,https://cars.av.by/gaz/3110/16440687,1999,с пробегом,170000,бензин,2400,белый,седан,Механика,Задний,1 000
ГАЗ,3110,ГАЗ 3110,https://cars.av.by/gaz/3110/16308454,1998,с пробегом,100000,бензин (пропан-бутан),2400,серый,седан,Механика,1 200
ГАЗ,3110,ГАЗ 3110,https://cars.av.by/gaz/3110/16390436,2000,с пробегом,240000,бензин,2400,зеленый,седан,Механика,Задний,500
ГАЗ,3110,ГАЗ 3110 легковой,https://cars.av.by/gaz/3110/14615039,1997,с пробегом,100,бензин,4700,серый,седан,Механика,Задний,1 800
ГАЗ,31105,ГАЗ 31105,https://cars.av.by/gaz/31105/16514787,2004,с пробегом,39599,бензин,2280,серый,седан,Механика,Задний,627
ГАЗ,31105,ГАЗ 31105,https://cars.av.by/gaz/31105/16573556,2006,с пробегом,243817,бензин,2300,серебристый,седан,Механика,Задний,452
ГАЗ,31105,ГАЗ 31105,https://cars.av.by/gaz/31105/16543556,2005,с пробегом,180000,бензин,2400,черный,седан,Механика,Задний,1 100
ГАЗ,31105,ГАЗ 31105,https://cars.av.by/gaz/31105/16534980,2005,с пробегом,132000,бензин,2300,зеленый,седан,Механика,Задний,1 390
ГАЗ,31105,ГАЗ 31105,https://cars.av.by/gaz/31105/16051174,2005,с пробегом,203001,бензин,2300,серебристый,седан,Механика,1 266
ГАЗ,31105,ГАЗ 31105,https://cars.av.by/gaz/31105/16534080,2005,с пробегом,300000,бензин,2400,серебристый,седан,Механика,Задний,450
ГАЗ,31105,ГАЗ 31105,https://cars.av.by/gaz/31105/16580352,2004,с пробегом,100000,бензин,2400,черный,седан,Механика,Задний,1 200
ГАЗ,31105,ГАЗ 31105,https://cars.av.by/gaz/31105/16558524,2007,с пробегом,420000,бензин,2400,черный,седан,Механика,2 712
ГАЗ,31105,ГАЗ 31105,https://cars.av.by/gaz/31105/16537124,2006,с пробегом,300000,бензин,2300,другой,седан,Механика,Задний,1 450
ГАЗ,31105,ГАЗ 31105,https://cars.av.by/gaz/31105/16443629,2007,с пробегом,300000,бензин,2400,серебристый,седан,Механика,Задний,1 000
ГАЗ,31105,ГАЗ 31105,https://cars.av.by/gaz/31105/16440760,2006,с пробегом,329188,бензин,2300,другой,седан,Механика,Задний,1 150
ГАЗ,31105,ГАЗ 31105,https://cars.av.by/gaz/31105/14983935,2005,с пробегом,200000,бензин,2400,черный,седан,Механика,Задний,1 000
ГАЗ,31105,ГАЗ 31105,https://cars.av.by/gaz/31105/16496594,2006,с пробегом,430000,бензин,2400,серый,седан,Механика,Задний,648
ГАЗ,31105,ГАЗ 31105,https://cars.av.by/gaz/31105/16395978,2004,с пробегом,200000,бензин,2400,серебристый,седан,Механика,Задний,1 395
ГАЗ,67,ГАЗ 67,https://cars.av.by/gaz/67/16386807,1952,с пробегом,15000,бензин,3300,зеленый,внедорожник 3 дв.,Механика,Постоянный полный,12 500
ГАЗ,67,ГАЗ 67,https://cars.av.by/gaz/67/13853537,1949,с пробегом,11000,бензин,3300,зеленый,внедорожник 3 дв.,Механика,8 500
ГАЗ,67,ГАЗ 67,https://cars.av.by/gaz/67/16155609,1948,с пробегом,100000,бензин,3200,зеленый,внедорожник 5 дв.,Механика,Подключаемый полный,9 300
ГАЗ,69,ГАЗ 69 А,https://cars.av.by/gaz/69/16571795,1969,с пробегом,3000,дизель,2400,зеленый,внедорожник 5 дв.,Механика,Подключаемый полный,1 300
ГАЗ,69,ГАЗ 69 69 А,https://cars.av.by/gaz/69/15932943,1968,с пробегом,100,бензин,2700,зеленый,внедорожник 5 дв.,Механика,Подключаемый полный,1 000
ГАЗ,69,ГАЗ 69,https://cars.av.by/gaz/69/15627728,1983,с пробегом,70000,бензин,2400,зеленый,пикап,Механика,Подключаемый полный,1 800
ГАЗ,69,ГАЗ 69,https://cars.av.by/gaz/69/14543965,1962,с пробегом,250000,бензин,2432,зеленый,внедорожник 3 дв.,Механика,Задний,1 600
ГАЗ,69,ГАЗ 69,https://cars.av.by/gaz/69/16570035,1968,с пробегом,27000,бензин,2100,зеленый,внедорожник 3 дв.,Механика,Подключаемый полный,1 150
ГАЗ,69,ГАЗ 69 а,https://cars.av.by/gaz/69/16427066,1958,с повреждениями,56789,бензин,2100,зеленый,внедорожник 5 дв.,Механика,Подключаемый полный,362
ГАЗ,69,ГАЗ 69 2.1 МТ,https://cars.av.by/gaz/69/16378742,1972,с пробегом,100000,бензин,2100,черный,внедорожник 5 дв.,Механика,Постоянный полный,1 700
ГАЗ,69,ГАЗ 69,https://cars.av.by/gaz/69/14354562,1956,с пробегом,10000,бензин,2400,зеленый,кабриолет,Механика,Задний,4 000
ГАЗ,69,ГАЗ 69,https://cars.av.by/gaz/69/15568834,1965,с пробегом,20000,бензин,2100,зеленый,внедорожник 3 дв.,Механика,Подключаемый полный,2 300
ГАЗ,69,ГАЗ 69,https://cars.av.by/gaz/69/14227696,1969,с пробегом,1,бензин,2400,зеленый,внедорожник 3 дв.,Механика,Подключаемый полный,600
ГАЗ,69,ГАЗ 69 Тентованный,https://cars.av.by/gaz/69/16288673,1973,с пробегом,100000,бензин,2400,зеленый,внедорожник 5 дв.,Механика,Подключаемый полный,1 200
ГАЗ,69,ГАЗ 69,https://cars.av.by/gaz/69/14986396,1972,с повреждениями,15,бензин,2000,зеленый,внедорожник 3 дв.,Механика,Подключаемый полный,640
ГАЗ,69,ГАЗ 69,https://cars.av.by/gaz/69/16575015,1986,с пробегом,10000,бензин,2400,зеленый,внедорожник 3 дв.,Механика,Подключаемый полный,4 069
ГАЗ,69,ГАЗ 69,https://cars.av.by/gaz/69/16587052,1962,с пробегом,10000,бензин,2400,зеленый,внедорожник 5 дв.,Механика,Подключаемый полный,3 000
ГАЗ,69,ГАЗ 69,https://cars.av.by/gaz/69/15773607,1959,с пробегом,10,бензин,2400,зеленый,внедорожник 5 дв.,Механика,Постоянный полный,1 356
ГАЗ,69,ГАЗ 69 газ-69 купе,https://cars.av.by/gaz/69/16376648,1969,с пробегом,7000,бензин,2400,зеленый,купе,Механика,Подключаемый полный,633
ГАЗ,69,ГАЗ 69,https://cars.av.by/gaz/69/16582150,1959,с пробегом,10,бензин,2400,зеленый,внедорожник 5 дв.,Механика,Подключаемый полный,800
ГАЗ,69,ГАЗ 69,https://cars.av.by/gaz/69/16408605,1966,с пробегом,123,бензин,2400,зеленый,внедорожник 3 дв.,Механика,Подключаемый полный,650
ГАЗ,69,ГАЗ 69,https://cars.av.by/gaz/69/16050348,1969,с пробегом,999,бензин,2400,зеленый,внедорожник 5 дв.,Механика,Подключаемый полный,1 800
ГАЗ,69,ГАЗ 69,https://cars.av.by/gaz/69/16531661,1970,с пробегом,72000,бензин,2400,зеленый,хэтчбек 5 дв.,Механика,Подключаемый полный,1 800
ГАЗ,69,ГАЗ 69,https://cars.av.by/gaz/69/16175022,1970,с пробегом,10000,бензин,2100,зеленый,внедорожник 5 дв.,Механика,Постоянный полный,2 350
ГАЗ,69,ГАЗ 69,https://cars.av.by/gaz/69/16545727,1957,с пробегом,30000,бензин,2400,зеленый,внедорожник 3 дв.,Механика,Постоянный полный,972
ГАЗ,69,ГАЗ 69,https://cars.av.by/gaz/69/16537018,1980,с пробегом,56000,бензин,2400,другой,внедорожник 3 дв.,Механика,Подключаемый полный,2 000
ГАЗ,69,ГАЗ 69,https://cars.av.by/gaz/69/14227199,1968,с пробегом,1000,бензин,2400,зеленый,внедорожник 3 дв.,Механика,Подключаемый полный,1 500
ГАЗ,69,ГАЗ 69,https://cars.av.by/gaz/69/16518852,1972,с пробегом,1000,бензин,2100,зеленый,внедорожник 5 дв.,Механика,Подключаемый полный,1 600
ГАЗ,69,ГАЗ 69,https://cars.av.by/gaz/69/15764011,1963,с пробегом,100000,бензин,2200,коричневый,внедорожник 5 дв.,Механика,Подключаемый полный,2 500
ГАЗ,69,ГАЗ 69 АМ,https://cars.av.by/gaz/69/16311473,1959,с пробегом,20000,бензин,2100,зеленый,кабриолет,Механика,Подключаемый полный,4 521
ГАЗ,69,ГАЗ 69 Газ69,https://cars.av.by/gaz/69/16475767,1965,с пробегом,42977,бензин,2400,зеленый,универсал,Механика,Подключаемый полный,1 000
ГАЗ,69,ГАЗ 69,https://cars.av.by/gaz/69/16453725,1970,с пробегом,100000,дизель,2400,зеленый,внедорожник 5 дв.,Механика,Подключаемый полный,3 499
ГАЗ,69,ГАЗ 69,https://cars.av.by/gaz/69/16457804,1960,с пробегом,1000,бензин,2500,зеленый,кабриолет,Механика,Подключаемый полный,3 200
ГАЗ,69,ГАЗ 69,https://cars.av.by/gaz/69/16296424,1956,с пробегом,162000,дизель,2500,зеленый,внедорожник 5 дв.,Механика,Подключаемый полный,1 356
ГАЗ,M-20 Победа,ГАЗ M-20 Победа,https://cars.av.by/gaz/m-20-pobeda/13827482,1955,с пробегом,85000,бензин,2000,черный,седан,Механика,Задний,14 999
ГАЗ,M-20 Победа,ГАЗ M-20 Победа,https://cars.av.by/gaz/m-20-pobeda/16031765,1956,с пробегом,10,бензин,2400,серый,хэтчбек 5 дв.,Механика,700
ГАЗ,M-20 Победа,ГАЗ M-20 Победа,https://cars.av.by/gaz/m-20-pobeda/15595959,1955,с пробегом,45000,бензин,2100,коричневый,седан,Механика,Задний,27 000
ГАЗ,M-20 Победа,ГАЗ M-20 Победа,https://cars.av.by/gaz/m-20-pobeda/16298438,1949,с пробегом,55555,бензин,2400,коричневый,хэтчбек 5 дв.,Механика,2 600
ГАЗ,M-20 Победа,ГАЗ M-20 Победа,https://cars.av.by/gaz/m-20-pobeda/16249650,1950,с пробегом,1111,бензин,2200,коричневый,купе,Механика,Задний,5 900
ГАЗ,M-20 Победа,ГАЗ M-20 Победа,https://cars.av.by/gaz/m-20-pobeda/16372922,1950,с пробегом,100000,бензин,2400,синий,хэтчбек 5 дв.,Механика,2 000
ГАЗ,M-20 Победа,ГАЗ M-20 Победа,https://cars.av.by/gaz/m-20-pobeda/15532204,1956,с пробегом,300000,бензин,2120,серый,хэтчбек 5 дв.,Механика,Задний,5 000
ГАЗ,Volga Siber,ГАЗ Volga Siber,https://cars.av.by/gaz/volga-siber/12936515,2010,с пробегом,120000,бензин,2400,черный,седан,Механика,Передний,4 400
ЗАЗ,1102 Таврия,ЗАЗ 1102 Таврия,https://cars.av.by/zaz/1102-tavriya/16587211,1990,с пробегом,247000,бензин,1100,белый,хэтчбек 3 дв.,Механика,Передний,580
ЗАЗ,1102 Таврия,ЗАЗ 1102 Таврия,https://cars.av.by/zaz/1102-tavriya/16222023,2001,с пробегом,43000,бензин,1100,белый,хэтчбек 3 дв.,Механика,Передний,950
ЗАЗ,1102 Таврия,ЗАЗ 1102 Таврия,https://cars.av.by/zaz/1102-tavriya/16589157,1996,с пробегом,158000,бензин,1100,другой,хэтчбек 3 дв.,Механика,Передний,300
ЗАЗ,1102 Таврия,ЗАЗ 1102 Таврия,https://cars.av.by/zaz/1102-tavriya/16407170,2005,с пробегом,181766,бензин,1100,зеленый,хэтчбек 3 дв.,Механика,Передний,476
ЗАЗ,1102 Таврия,ЗАЗ 1102 Таврия,https://cars.av.by/zaz/1102-tavriya/16479550,1994,с пробегом,30000,бензин,1200,красный,хэтчбек 3 дв.,Механика,Передний,300
ЗАЗ,1102 Таврия,ЗАЗ 1102 Таврия ЗАЗ1102,https://cars.av.by/zaz/1102-tavriya/16521150,1999,с пробегом,0,бензин,1100,другой,другой,Механика,Передний,400
ЗАЗ,1102 Таврия,ЗАЗ 1102 Таврия,https://cars.av.by/zaz/1102-tavriya/15907039,2006,с пробегом,90000,бензин,1200,белый,хэтчбек 3 дв.,Механика,Передний,500
ЗАЗ,1102 Таврия,ЗАЗ 1102 Таврия,https://cars.av.by/zaz/1102-tavriya/15814604,1998,с пробегом,40000,бензин,1100,красный,хэтчбек 3 дв.,Механика,Передний,500
ЗАЗ,1102 Таврия,ЗАЗ 1102 Таврия 1.2 бензин,https://cars.av.by/zaz/1102-tavriya/16583856,2006,с пробегом,10000,бензин,1200,синий,хэтчбек 3 дв.,Механика,Передний,1 000
ЗАЗ,1102 Таврия,ЗАЗ 1102 Таврия,https://cars.av.by/zaz/1102-tavriya/16583319,2004,на запчасти,40000,бензин,1200,синий,хэтчбек 3 дв.,Механика,Передний,450
ЗАЗ,1102 Таврия,ЗАЗ 1102 Таврия,https://cars.av.by/zaz/1102-tavriya/16442432,1994,с пробегом,70000,бензин,1100,красный,хэтчбек 3 дв.,Механика,Передний,350
ЗАЗ,1102 Таврия,ЗАЗ 1102 Таврия,https://cars.av.by/zaz/1102-tavriya/14984877,2004,с пробегом,55000,бензин,1200,белый,хэтчбек 3 дв.,Механика,Передний,850
ЗАЗ,1102 Таврия,ЗАЗ 1102 Таврия,https://cars.av.by/zaz/1102-tavriya/16395466,2000,с пробегом,36000,бензин,1100,синий,хэтчбек 3 дв.,Механика,Передний,250
ЗАЗ,1102 Таврия,ЗАЗ 1102 Таврия,https://cars.av.by/zaz/1102-tavriya/16182461,1998,с пробегом,1,бензин,1100,фиолетовый,хэтчбек 5 дв.,Механика,Передний,320
ЗАЗ,1102 Таврия,ЗАЗ 1102 Таврия,https://cars.av.by/zaz/1102-tavriya/16422403,2000,с пробегом,92846,бензин,1100,белый,хэтчбек 3 дв.,Механика,Передний,700
ЗАЗ,1103 Slavuta,ЗАЗ 1103 Slavuta Славута.,https://cars.av.by/zaz/1103-slavuta/16570376,1999,с пробегом,100000,бензин,1100,зеленый,хэтчбек 5 дв.,Механика,Передний,870
ЗАЗ,1103 Slavuta,ЗАЗ 1103 Slavuta,https://cars.av.by/zaz/1103-slavuta/16578522,2007,с пробегом,1200,бензин,1200,белый,лифтбек,Механика,Передний,500
ЗАЗ,1103 Slavuta,ЗАЗ 1103 Slavuta,https://cars.av.by/zaz/1103-slavuta/16572270,2007,с пробегом,25000,бензин,1200,синий,хэтчбек 5 дв.,Механика,Передний,500
ЗАЗ,1103 Slavuta,ЗАЗ 1103 Slavuta,https://cars.av.by/zaz/1103-slavuta/16211045,2007,с пробегом,98000,бензин,1200,белый,хэтчбек 5 дв.,Механика,Передний,700
ЗАЗ,965,ЗАЗ 965,https://cars.av.by/zaz/965/14020709,1967,с пробегом,1800,бензин,900,синий,седан,Механика,Задний,4 200
ЗАЗ,965,ЗАЗ 965 А,https://cars.av.by/zaz/965/13444040,1967,с пробегом,2080,бензин,900,синий,купе,Механика,Задний,2 441
ЗАЗ,965,ЗАЗ 965,https://cars.av.by/zaz/965/16195453,1967,с пробегом,30000,бензин,900,синий,купе,Механика,Задний,1 190
ЗАЗ,965,ЗАЗ 965,https://cars.av.by/zaz/965/12885324,1966,с пробегом,1000,бензин,900,синий,купе,Механика,Задний,3 300
ЗАЗ,965,ЗАЗ 965,https://cars.av.by/zaz/965/16072802,1968,с пробегом,35000,бензин,900,синий,хэтчбек 3 дв.,Механика,1 500
ЗАЗ,965,ЗАЗ 965,https://cars.av.by/zaz/965/16409324,1967,с повреждениями,1,бензин,900,другой,купе,Механика,Задний,350
ЗАЗ,965,ЗАЗ 965,https://cars.av.by/zaz/965/15779330,1964,с пробегом,48279,бензин,1000,синий,хэтчбек 3 дв.,Механика,Передний,250
ЗАЗ,966,ЗАЗ 966,https://cars.av.by/zaz/966/14516785,1968,с пробегом,72000,бензин,1100,белый,седан,Механика,Задний,2 500
ЗАЗ,968,ЗАЗ 968,https://cars.av.by/zaz/968/16578743,1981,с пробегом,222222,бензин,800,желтый,купе,Механика,Задний,200
ЗАЗ,968,ЗАЗ 968,https://cars.av.by/zaz/968/16496655,1980,с пробегом,295967,бензин,1200,красный,седан,Механика,Задний,162
ЗАЗ,968,ЗАЗ 968,https://cars.av.by/zaz/968/16588044,1993,с пробегом,20000,бензин,1197,белый,седан,Механика,Задний,452
ЗАЗ,968,ЗАЗ 968,https://cars.av.by/zaz/968/16580621,1989,с пробегом,20000,бензин,750,красный,внедорожник 5 дв.,Механика,Задний,600
ЗАЗ,968,ЗАЗ 968 968M,https://cars.av.by/zaz/968/14626516,1983,с пробегом,45000,бензин,1198,красный,купе,Механика,Задний,450
ЗАЗ,968,ЗАЗ 968,https://cars.av.by/zaz/968/15863464,1986,с пробегом,50000,бензин,1200,желтый,седан,Механика,Задний,300
ЗАЗ,968,ЗАЗ 968 м,https://cars.av.by/zaz/968/16559811,1985,с пробегом,120000,бензин,1200,белый,седан,Механика,113
ЗАЗ,968,ЗАЗ 968,https://cars.av.by/zaz/968/16539186,1992,с пробегом,13000,бензин,1200,белый,седан,Механика,Задний,250
ЗАЗ,968,ЗАЗ 968,https://cars.av.by/zaz/968/15806420,1983,на запчасти,4000,бензин,1200,зеленый,седан,Механика,Задний,137
ЗАЗ,968,ЗАЗ 968 A,https://cars.av.by/zaz/968/16453139,1978,с пробегом,74000,бензин,900,желтый,седан,Механика,Задний,995
ЗАЗ,968,ЗАЗ 968 М,https://cars.av.by/zaz/968/15968817,1990,с пробегом,21000,бензин,1100,белый,купе,Механика,Задний,550
ЗАЗ,968,ЗАЗ 968 968 МБ,https://cars.av.by/zaz/968/14644281,1993,с пробегом,17000,бензин,1200,белый,купе,Механика,Задний,450
ЗАЗ,968,ЗАЗ 968,https://cars.av.by/zaz/968/16369586,1978,с пробегом,500,бензин,1000,оранжевый,купе,Механика,Задний,300
ЗАЗ,Chance,ЗАЗ Chance SX,https://cars.av.by/zaz/chance/16459223,2011,с пробегом,26800,бензин,1498,серебристый,седан,Механика,Передний,3 300
ЗАЗ,Chance,ЗАЗ Chance,https://cars.av.by/zaz/chance/16373274,2010,с пробегом,87500,бензин,1300,серебристый,седан,Механика,Передний,1 950
ЗАЗ,Chance,ЗАЗ Chance,https://cars.av.by/zaz/chance/16447322,2012,с пробегом,88600,бензин,1500,серый,седан,Механика,Передний,2 700
ЗАЗ,Chance,ЗАЗ Chance sx,https://cars.av.by/zaz/chance/13783517,2010,с пробегом,74000,бензин,1300,черный,хэтчбек 5 дв.,Механика,Передний,3 119
ЗАЗ,Chance,ЗАЗ Chance,https://cars.av.by/zaz/chance/16362081,2009,с пробегом,208000,бензин,1500,серебристый,седан,Механика,Передний,1 627
ЗАЗ,Forza,ЗАЗ Forza,https://cars.av.by/zaz/forza/16251279,2012,с пробегом,73000,бензин,1500,красный,лифтбек,Механика,Передний,3 999
ЗАЗ,Forza,ЗАЗ Forza,https://cars.av.by/zaz/forza/16397523,2014,с пробегом,75000,бензин,1500,другой,лифтбек,Механика,Передний,4 499
ЗАЗ,Forza,ЗАЗ Forza,https://cars.av.by/zaz/forza/16231260,2012,с пробегом,74000,бензин,1500,серебристый,хэтчбек 5 дв.,Механика,Передний,3 600
ЗАЗ,Forza,ЗАЗ Forza,https://cars.av.by/zaz/forza/16382035,2011,с пробегом,1,бензин,1500,бордовый,хэтчбек 5 дв.,Механика,3 500
ЗАЗ,Lanos,ЗАЗ Lanos,https://cars.av.by/zaz/lanos/14337995,2011,с пробегом,134000,бензин,1500,коричневый,седан,Механика,Передний,3 600
ЗАЗ,Pick-Up,ЗАЗ Pick-Up,https://cars.av.by/zaz/pick-up/16119534,2012,с пробегом,210000,бензин,1500,белый,пикап,Механика,Передний,1 900
ЗАЗ,Sens,ЗАЗ Sens,https://cars.av.by/zaz/sens/16597158,2010,с пробегом,146000,бензин,1300,серый,седан,Механика,Передний,1 300
ЗАЗ,Sens,ЗАЗ Sens,https://cars.av.by/zaz/sens/16423223,2008,с пробегом,112000,бензин,1300,черный,седан,Механика,Передний,1 700
ЗАЗ,Sens,ЗАЗ Sens,https://cars.av.by/zaz/sens/16532548,2011,с пробегом,5000,бензин,1300,серебристый,хэтчбек 5 дв.,Механика,Передний,2 400
ИЖ,2125,ИЖ 2125 I,https://cars.av.by/izh/2125/16282055,1981,с пробегом,130000,бензин,1500,красный,хэтчбек 5 дв.,Механика,Передний,500
ИЖ,2125,ИЖ 2125 21251 (рестайлинг),https://cars.av.by/izh/2125/14621427,1990,с пробегом,100000,бензин,1500,коричневый,хэтчбек 5 дв.,Механика,Задний,362
ИЖ,2125,ИЖ 2125 21251 (рестайлинг),https://cars.av.by/izh/2125/16188558,1990,с пробегом,111111,бензин,1500,белый,хэтчбек 5 дв.,Механика,Задний,656
ИЖ,2125,ИЖ 2125 21251 (рестайлинг),https://cars.av.by/izh/2125/16305643,1990,с пробегом,27000,бензин,1500,желтый,хэтчбек 5 дв.,Механика,Задний,300
ИЖ,2125,ИЖ 2125 21251 (рестайлинг),https://cars.av.by/izh/2125/16417910,1987,с пробегом,61000,бензин,1500,другой,хэтчбек 5 дв.,Механика,Задний,400
ИЖ,2126,ИЖ 2126 21261-03 фабула,https://cars.av.by/izh/2126/16538071,2005,с пробегом,73000,бензин,1600,синий,универсал,Механика,Задний,700
ИЖ,2126,ИЖ 2126,https://cars.av.by/izh/2126/16122687,2002,с пробегом,110,бензин (пропан-бутан),1600,синий,хэтчбек 5 дв.,Механика,Задний,875
ИЖ,2715,ИЖ 2715,https://cars.av.by/izh/2715/16395893,1982,с пробегом,100,бензин,1500,белый,пикап,Механика,Задний,2 000
ИЖ,2715,ИЖ 2715,https://cars.av.by/izh/2715/16526828,1990,с повреждениями,93000,бензин,1500,белый,легковой фургон,Механика,Задний,271
ИЖ,2715,ИЖ 2715 .,https://cars.av.by/izh/2715/16287920,1988,с пробегом,450000,бензин,1500,синий,другой,Механика,Передний,400
ИЖ,2717,ИЖ 2717 ода,https://cars.av.by/izh/2717/16302584,2005,с пробегом,130000,бензин,1600,зеленый,пикап,Механика,Задний,1 450
ЛуАЗ,1302,ЛуАЗ 1302,https://cars.av.by/luaz/1302/16153125,1992,с пробегом,150000,бензин,1000,бордовый,внедорожник 3 дв.,Механика,Подключаемый полный,1 500
ЛуАЗ,967,ЛуАЗ 967,https://cars.av.by/luaz/967/15507997,1974,с пробегом,89000,бензин,1100,зеленый,внедорожник 3 дв.,Механика,Подключаемый полный,400
ЛуАЗ,967,ЛуАЗ 967 валынь,https://cars.av.by/luaz/967/14098656,1974,с пробегом,40000,бензин,1600,синий,внедорожник 3 дв.,Механика,Подключаемый полный,500
ЛуАЗ,967,ЛуАЗ 967,https://cars.av.by/luaz/967/16072920,1985,на запчасти,350000,бензин,1200,белый,внедорожник 3 дв.,Механика,Подключаемый полный,271
ЛуАЗ,967,ЛуАЗ 967,https://cars.av.by/luaz/967/16304401,1978,с пробегом,3000,бензин,1100,зеленый,внедорожник 3 дв.,Механика,Постоянный полный,3 000
ЛуАЗ,969,ЛуАЗ 969,https://cars.av.by/luaz/969/15778412,1987,с пробегом,111111,бензин,1200,зеленый,внедорожник 3 дв.,Механика,Подключаемый полный,750
ЛуАЗ,969,ЛуАЗ 969,https://cars.av.by/luaz/969/16440604,1994,с пробегом,37588,бензин,1300,синий,внедорожник 3 дв.,Механика,Подключаемый полный,1 800
ЛуАЗ,969,ЛуАЗ 969,https://cars.av.by/luaz/969/16578827,1990,с пробегом,87600,бензин,1300,зеленый,внедорожник 3 дв.,Механика,Подключаемый полный,2 000
ЛуАЗ,969,ЛуАЗ 969 1.8 МТ 4х4,https://cars.av.by/luaz/969/16407664,1990,с пробегом,30000,бензин,1800,другой,внедорожник 3 дв.,Механика,Подключаемый полный,1 500
ЛуАЗ,969,ЛуАЗ 969,https://cars.av.by/luaz/969/14398955,1980,с пробегом,10000,бензин,1200,зеленый,внедорожник 5 дв.,Механика,Подключаемый полный,1 750
ЛуАЗ,969,ЛуАЗ 969,https://cars.av.by/luaz/969/14121763,1985,с пробегом,35000,бензин,1300,зеленый,внедорожник 3 дв.,Механика,Подключаемый полный,2 260
ЛуАЗ,969,ЛуАЗ 969,https://cars.av.by/luaz/969/16468015,1989,с пробегом,50000,бензин,1100,зеленый,внедорожник 3 дв.,Механика,Подключаемый полный,880
ЛуАЗ,969,ЛуАЗ 969,https://cars.av.by/luaz/969/16556046,1983,с пробегом,150000,бензин,1100,зеленый,внедорожник 3 дв.,Механика,Подключаемый полный,250
ЛуАЗ,969,ЛуАЗ 969,https://cars.av.by/luaz/969/12119662,1991,с пробегом,75000,бензин,1600,зеленый,внедорожник 3 дв.,Механика,Подключаемый полный,1 356
ЛуАЗ,969,ЛуАЗ 969,https://cars.av.by/luaz/969/16431775,1986,с пробегом,85000,бензин,1200,серый,внедорожник 3 дв.,Механика,Передний,700
ЛуАЗ,969,ЛуАЗ 969,https://cars.av.by/luaz/969/16577879,1990,с пробегом,10000,бензин,1111,зеленый,внедорожник 3 дв.,Механика,Подключаемый полный,300
ЛуАЗ,969,ЛуАЗ 969,https://cars.av.by/luaz/969/16366770,1983,с пробегом,90152,бензин,1200,другой,внедорожник 5 дв.,Механика,Подключаемый полный,904
ЛуАЗ,969,ЛуАЗ 969 M,https://cars.av.by/luaz/969/13766728,1988,с пробегом,45000,бензин,1200,синий,внедорожник 3 дв.,Механика,1 000
ЛуАЗ,969,ЛуАЗ 969,https://cars.av.by/luaz/969/16155276,1991,с пробегом,1,бензин,1200,зеленый,внедорожник 3 дв.,Механика,Подключаемый полный,2 080
ЛуАЗ,969,ЛуАЗ 969,https://cars.av.by/luaz/969/16178504,1991,с пробегом,300000,бензин,1600,зеленый,внедорожник 3 дв.,Механика,Подключаемый полный,500
ЛуАЗ,969,ЛуАЗ 969,https://cars.av.by/luaz/969/16555308,1987,с пробегом,100,бензин,1300,зеленый,минивэн,Механика,Подключаемый полный,1 500
ЛуАЗ,969,ЛуАЗ 969 M,https://cars.av.by/luaz/969/15632160,1985,с пробегом,4300,бензин,1200,зеленый,кабриолет,Механика,Подключаемый полный,1 050
ЛуАЗ,969,ЛуАЗ 969,https://cars.av.by/luaz/969/16559507,1985,с пробегом,40000,бензин,1300,желтый,внедорожник 3 дв.,Механика,1 000
ЛуАЗ,969,ЛуАЗ 969,https://cars.av.by/luaz/969/15750215,1989,с пробегом,80000,бензин,1200,зеленый,внедорожник 3 дв.,Механика,Передний,750
ЛуАЗ,969,ЛуАЗ 969,https://cars.av.by/luaz/969/16525409,1985,с пробегом,9999,бензин,1200,синий,внедорожник 3 дв.,Механика,Подключаемый полный,850
ЛуАЗ,969,ЛуАЗ 969,https://cars.av.by/luaz/969/16525317,1990,с пробегом,99999,дизель,1600,зеленый,внедорожник 3 дв.,Механика,Подключаемый полный,1 100
ЛуАЗ,969,ЛуАЗ 969,https://cars.av.by/luaz/969/16548319,1988,с пробегом,55000,дизель,1600,зеленый,внедорожник 3 дв.,Механика,Подключаемый полный,1 500
ЛуАЗ,969,ЛуАЗ 969,https://cars.av.by/luaz/969/15945267,1976,с пробегом,20000,бензин,1200,оранжевый,внедорожник 5 дв.,Механика,Подключаемый полный,599
ЛуАЗ,969,ЛуАЗ 969,https://cars.av.by/luaz/969/16288617,1984,с пробегом,16300,бензин,1200,другой,другой,Механика,Подключаемый полный,1 100
ЛуАЗ,969,ЛуАЗ 969,https://cars.av.by/luaz/969/16452547,1994,с пробегом,96981,бензин,1200,зеленый,внедорожник 3 дв.,Механика,Подключаемый полный,1 300
ЛуАЗ,969,ЛуАЗ 969,https://cars.av.by/luaz/969/16244499,1980,с пробегом,111111,бензин,1600,желтый,кабриолет,Механика,Подключаемый полный,1 808
ЛуАЗ,969,ЛуАЗ 969,https://cars.av.by/luaz/969/16266971,1989,с пробегом,77000,бензин,1200,синий,внедорожник 3 дв.,Механика,Подключаемый полный,800
ЛуАЗ,969,ЛуАЗ 969,https://cars.av.by/luaz/969/16450700,1993,с пробегом,10000,бензин,1300,другой,внедорожник 3 дв.,Механика,Подключаемый полный,1 400
Москвич,2137,Москвич 2137,https://cars.av.by/moskvich/2137/13504070,1984,с пробегом,150000,бензин,1500,желтый,универсал,Механика,Задний,650
Москвич,2138,Москвич 2138,https://cars.av.by/moskvich/2138/14226224,1976,с пробегом,150000,бензин,1380,белый,седан,Механика,Задний,1 000
Москвич,2140,Москвич 2140,https://cars.av.by/moskvich/2140/15890011,1986,с пробегом,105271,бензин,1500,желтый,седан,Механика,Задний,450
Москвич,2140,Москвич 2140 SL,https://cars.av.by/moskvich/2140/16110113,1987,с пробегом,30000,бензин,1500,белый,седан,Механика,Задний,500
Москвич,2140,Москвич 2140 CL,https://cars.av.by/moskvich/2140/16473072,1979,с пробегом,146000,бензин,1500,красный,седан,Механика,Задний,390
Москвич,2140,Москвич 2140,https://cars.av.by/moskvich/2140/16473019,1978,с пробегом,80000,бензин,1500,белый,седан,Механика,Задний,600
Москвич,2140,Москвич 2140 2140люкс,https://cars.av.by/moskvich/2140/16496962,1983,на запчасти,176,бензин,1500,зеленый,седан,Механика,Задний,140
Москвич,2140,Москвич 2140 21406,https://cars.av.by/moskvich/2140/14517459,1986,с пробегом,187000,бензин,1500,другой,седан,Механика,Задний,900
Москвич,2140,Москвич 2140,https://cars.av.by/moskvich/2140/16564090,1978,на запчасти,1,бензин,1500,зеленый,седан,Механика,Задний,200
Москвич,2140,Москвич 2140,https://cars.av.by/moskvich/2140/16401134,1980,с пробегом,98000,бензин,1500,белый,седан,Механика,Задний,400
Москвич,2140,Москвич 2140 АЗЛК,https://cars.av.by/moskvich/2140/15893943,1979,с пробегом,250000,бензин,1500,белый,седан,Механика,Задний,250
Москвич,2140,Москвич 2140,https://cars.av.by/moskvich/2140/16399933,1987,с пробегом,93000,бензин,1500,красный,седан,Механика,Задний,650
Москвич,2140,Москвич 2140 GL,https://cars.av.by/moskvich/2140/15619817,1982,с пробегом,46000,бензин,1500,зеленый,седан,Механика,Задний,800
Москвич,2140,Москвич 2140,https://cars.av.by/moskvich/2140/16259396,1986,с пробегом,110000,бензин,1500,оранжевый,седан,Механика,Задний,200
Москвич,2140,Москвич 2140,https://cars.av.by/moskvich/2140/15838112,1988,с пробегом,150000,бензин,1500,белый,седан,Механика,350
Москвич,2140,Москвич 2140,https://cars.av.by/moskvich/2140/16397593,1987,с пробегом,999999,бензин,1500,другой,седан,Механика,Задний,499
Москвич,2141,Москвич 2141,https://cars.av.by/moskvich/2141/16582345,1989,с пробегом,1000,бензин,1600,другой,хэтчбек 5 дв.,Механика,Передний,410
Москвич,2141,Москвич 2141,https://cars.av.by/moskvich/2141/16237573,1998,с пробегом,130000,бензин,1700,черный,хэтчбек 5 дв.,Механика,Передний,500
Москвич,2141,Москвич 2141,https://cars.av.by/moskvich/2141/16472282,1990,с пробегом,100000,бензин,1500,другой,хэтчбек 5 дв.,Механика,Передний,400
Москвич,2141,Москвич 2141,https://cars.av.by/moskvich/2141/16537179,1990,с пробегом,200,бензин,1700,желтый,хэтчбек 5 дв.,Механика,Передний,400
Москвич,2141,Москвич 2141,https://cars.av.by/moskvich/2141/16424554,1995,с пробегом,1,бензин,1700,серый,хэтчбек 5 дв.,Механика,Передний,339
Москвич,401,Москвич 401,https://cars.av.by/moskvich/401/14543933,1952,с пробегом,200000,бензин,1480,другой,седан,Механика,Задний,2 500
Москвич,401,Москвич 401 401,https://cars.av.by/moskvich/401/16381591,1953,с пробегом,23000,бензин,1300,зеленый,седан,Механика,Задний,2 000
Москвич,401,Москвич 401,https://cars.av.by/moskvich/401/16455212,1954,с пробегом,10000,бензин,1100,черный,седан,Механика,Задний,2 300
Москвич,401,Москвич 401,https://cars.av.by/moskvich/401/16580041,1958,с пробегом,25000,бензин,1400,зеленый,седан,Механика,995
Москвич,401,Москвич 401,https://cars.av.by/moskvich/401/13413184,1952,с пробегом,1000,бензин,1100,черный,хэтчбек 5 дв.,Механика,Задний,3 300
Москвич,401,Москвич 401,https://cars.av.by/moskvich/401/15534495,1955,с пробегом,0,бензин,1000,другой,седан,Механика,Задний,4 000
Москвич,401,Москвич 401,https://cars.av.by/moskvich/401/16513378,1955,с повреждениями,40000,бензин,1400,белый,купе,Механика,Задний,452
Москвич,401,Москвич 401,https://cars.av.by/moskvich/401/14548674,1955,с пробегом,50000,бензин,1300,красный,хэтчбек 5 дв.,Механика,Передний,5 200
Москвич,401,Москвич 401,https://cars.av.by/moskvich/401/14517670,1955,с пробегом,99999,бензин,1300,черный,седан,Механика,Задний,4 000
Москвич,403,Москвич 403,https://cars.av.by/moskvich/403/16472316,1964,с пробегом,56000,бензин,1500,синий,седан,Механика,Задний,1 500
Москвич,403,Москвич 403,https://cars.av.by/moskvich/403/16545363,1964,с пробегом,50000,бензин,1300,зеленый,седан,Механика,Передний,452
Москвич,403,Москвич 403,https://cars.av.by/moskvich/403/15475776,1964,с пробегом,100000,бензин,1300,белый,седан,Механика,Задний,1 300
Москвич,407,Москвич 407,https://cars.av.by/moskvich/407/15891936,1960,с пробегом,300,бензин,1300,зеленый,седан,Механика,Задний,8 300
Москвич,407,Москвич 407,https://cars.av.by/moskvich/407/16578516,1961,с пробегом,111111,бензин,1300,другой,седан,Механика,Задний,500
Москвич,407,Москвич 407,https://cars.av.by/moskvich/407/16133500,1963,с пробегом,47000,бензин,1500,синий,седан,Механика,Задний,500
Москвич,407,Москвич 407,https://cars.av.by/moskvich/407/16568337,1961,с пробегом,65000,бензин,1300,другой,седан,Механика,Задний,2 100
Москвич,407,Москвич 407,https://cars.av.by/moskvich/407/13040308,1959,с пробегом,58000,бензин,1358,другой,седан,Механика,Задний,10 000
Москвич,407,Москвич 407,https://cars.av.by/moskvich/407/16441702,1959,с пробегом,111111,бензин,1360,другой,седан,Механика,Задний,450
Москвич,407,Москвич 407,https://cars.av.by/moskvich/407/12669220,1961,с пробегом,85000,бензин,1400,другой,седан,Механика,1 000
Москвич,407,Москвич 407,https://cars.av.by/moskvich/407/16123450,1961,с пробегом,100,бензин,1400,серый,седан,Механика,Задний,520
Москвич,408,Москвич 408,https://cars.av.by/moskvich/408/16240392,1968,с пробегом,250000,бензин,1400,другой,седан,Механика,Задний,15 000
Москвич,408,Москвич 408,https://cars.av.by/moskvich/408/16595002,1968,с пробегом,188000,бензин,1400,другой,седан,Механика,Задний,2 712
Москвич,408,Москвич 408,https://cars.av.by/moskvich/408/16237748,1970,с пробегом,5000,бензин,1300,другой,седан,Механика,Задний,4 200
Москвич,408,Москвич 408,https://cars.av.by/moskvich/408/13934505,1968,с пробегом,111111,бензин,1300,серый,седан,Механика,400
Москвич,408,Москвич 408 И,https://cars.av.by/moskvich/408/15630360,1967,с пробегом,29000,бензин,1400,серый,седан,Механика,Задний,510
Москвич,410,Москвич 410,https://cars.av.by/moskvich/410/14589260,1958,с пробегом,50000,бензин,1400,красный,внедорожник 5 дв.,Механика,Подключаемый полный,1 200
Москвич,412,Москвич 412,https://cars.av.by/moskvich/412/16596238,1982,с пробегом,62000,бензин,1500,белый,седан,Механика,Задний,407
Москвич,412,Москвич 412,https://cars.av.by/moskvich/412/15967858,1973,с пробегом,123456,бензин,1500,желтый,седан,Механика,Задний,500
Москвич,412,Москвич 412,https://cars.av.by/moskvich/412/16596688,1990,с пробегом,67000,бензин,1500,белый,седан,Механика,Задний,650
Москвич,412,Москвич 412,https://cars.av.by/moskvich/412/16459443,1990,с пробегом,63,бензин,1500,зеленый,седан,Механика,Задний,850
Москвич,412,Москвич 412,https://cars.av.by/moskvich/412/15996688,1981,с пробегом,88967,бензин,1500,оранжевый,седан,Механика,Задний,1 150
Москвич,412,Москвич 412,https://cars.av.by/moskvich/412/16595089,1985,с пробегом,100000,бензин,1500,оранжевый,седан,Механика,Задний,300
Москвич,412,Москвич 412,https://cars.av.by/moskvich/412/14676973,1980,с пробегом,77645,бензин,1500,зеленый,седан,Механика,Задний,450
Москвич,412,Москвич 412 UZ,https://cars.av.by/moskvich/412/16582884,1982,с пробегом,82000,бензин,1600,белый,седан,Механика,Задний,250
Москвич,412,Москвич 412,https://cars.av.by/moskvich/412/16528125,1988,с пробегом,1,бензин,1500,красный,седан,Механика,Задний,500
Москвич,412,Москвич 412 иж,https://cars.av.by/moskvich/412/14500377,1975,с пробегом,83000,бензин,1500,белый,седан,Механика,Задний,452
Москвич,412,Москвич 412,https://cars.av.by/moskvich/412/12258209,1980,с пробегом,85000,бензин,1500,оранжевый,седан,Механика,Задний,271
Москвич,412,Москвич 412,https://cars.av.by/moskvich/412/16572912,1975,с пробегом,36000,бензин,1500,белый,седан,Механика,Задний,800
Москвич,412,Москвич 412,https://cars.av.by/moskvich/412/16571846,1990,с пробегом,1000,бензин,1500,зеленый,седан,Механика,Задний,450
Москвич,412,Москвич 412,https://cars.av.by/moskvich/412/16084695,1978,с пробегом,58000,бензин,1500,желтый,седан,Механика,Задний,450
Москвич,412,Москвич 412,https://cars.av.by/moskvich/412/16473230,1978,с пробегом,40000,бензин,1500,белый,седан,Механика,Задний,400
Москвич,412,Москвич 412,https://cars.av.by/moskvich/412/16503509,1987,с пробегом,49000,бензин,1500,другой,универсал,Механика,Задний,600
Москвич,412,Москвич 412,https://cars.av.by/moskvich/412/16562059,1986,с пробегом,40000,бензин,1500,другой,седан,Механика,Задний,1 000
Москвич,412,Москвич 412 ИЭ,https://cars.av.by/moskvich/412/16558931,1982,с пробегом,10000,бензин,1480,другой,седан,Механика,Передний,600
Москвич,412,Москвич 412,https://cars.av.by/moskvich/412/16256808,1990,с пробегом,96700,бензин,1500,другой,седан,Механика,Задний,275
Москвич,412,Москвич 412,https://cars.av.by/moskvich/412/16168514,1973,с пробегом,63000,бензин,1500,синий,седан,Механика,Задний,452
Москвич,412,Москвич 412,https://cars.av.by/moskvich/412/16513874,1986,с пробегом,87000,бензин,1500,коричневый,седан,Механика,Задний,226
Москвич,412,Москвич 412,https://cars.av.by/moskvich/412/16508603,1986,с пробегом,62000,бензин,1500,белый,седан,Механика,Задний,250
Москвич,412,Москвич 412,https://cars.av.by/moskvich/412/16430918,1989,с пробегом,153400,бензин,1500,зеленый,седан,Механика,Задний,181
Москвич,412,Москвич 412,https://cars.av.by/moskvich/412/16308775,1989,с пробегом,82081,бензин,1500,синий,седан,Механика,Задний,888
Москвич,412,Москвич 412 иж-комби,https://cars.av.by/moskvich/412/16424045,1991,с пробегом,120000,бензин,1400,желтый,хэтчбек 5 дв.,Механика,Задний,203
Москвич,423,Москвич 423,https://cars.av.by/moskvich/423/16404870,1960,с пробегом,40000,бензин,1600,другой,универсал,Механика,Задний,1 999
Москвич,Святогор,Москвич Святогор,https://cars.av.by/moskvich/svyatogor/16594931,1983,с пробегом,250000,бензин,1500,белый,пикап,Механика,Задний,650
ТагАЗ,Road Partner,ТагАЗ Road Partner,https://cars.av.by/tagaz/road-partner/16478285,2009,с пробегом,225800,бензин,2300,серый,внедорожник 5 дв.,Механика,Подключаемый полный,6 000
ТагАЗ,Tager,ТагАЗ Tager,https://cars.av.by/tagaz/tager/16299702,2009,с пробегом,90000,бензин,3200,черный,внедорожник 3 дв.,Автомат,Подключаемый полный,5 000
УАЗ,2206,УАЗ 2206 22069-04,https://cars.av.by/uaz/2206/16527635,2005,с пробегом,100000,бензин,2890,зеленый,легковой фургон,Механика,Подключаемый полный,1 627
УАЗ,2363 Пикап,УАЗ 2363 Пикап,https://cars.av.by/uaz/2363-pikap/15655124,2011,с пробегом,236000,бензин,2700,черный,пикап,Механика,Подключаемый полный,5 500
УАЗ,2363 Пикап,УАЗ 2363 Пикап,https://cars.av.by/uaz/2363-pikap/16293221,2012,с пробегом,300000,бензин,2700,другой,пикап,Механика,Подключаемый полный,5 000
УАЗ,2363 Пикап,УАЗ 2363 Пикап,https://cars.av.by/uaz/2363-pikap/16596591,2015,с пробегом,52000,бензин,2700,черный,внедорожник 5 дв.,Механика,Подключаемый полный,10 579
УАЗ,2363 Пикап,УАЗ 2363 Пикап,https://cars.av.by/uaz/2363-pikap/16567004,2008,с пробегом,111111,бензин,2700,зеленый,пикап,Механика,Подключаемый полный,2 999
УАЗ,2363 Пикап,УАЗ 2363 Пикап,https://cars.av.by/uaz/2363-pikap/16273236,2015,с пробегом,79000,бензин,2700,черный,пикап,Механика,Подключаемый полный,6 950
УАЗ,2363 Пикап,УАЗ 2363 Пикап,https://cars.av.by/uaz/2363-pikap/16528291,2016,с пробегом,210000,бензин,550,черный,пикап,Механика,Постоянный полный,7 000
УАЗ,31,УАЗ 31 31512,https://cars.av.by/uaz/31/16509388,1996,с пробегом,70000,бензин (пропан-бутан),2400,зеленый,внедорожник 5 дв.,Механика,Подключаемый полный,3 550
УАЗ,31,УАЗ 31 51,https://cars.av.by/uaz/31/16002781,1990,с пробегом,36613,бензин,2450,зеленый,внедорожник 5 дв.,Механика,Подключаемый полный,527
УАЗ,31,УАЗ 31 3151201,https://cars.av.by/uaz/31/16569925,2006,с пробегом,18400,бензин,2900,зеленый,внедорожник 5 дв.,Механика,Подключаемый полный,4 500
УАЗ,31,УАЗ 31 Exclusive,https://cars.av.by/uaz/31/16429813,2010,с пробегом,70000,бензин,2700,черный,внедорожник 5 дв.,Механика,Подключаемый полный,10 500
УАЗ,31,УАЗ 31 512,https://cars.av.by/uaz/31/15387684,1987,с пробегом,10000,бензин,2400,зеленый,внедорожник 5 дв.,Механика,Подключаемый полный,1 650
УАЗ,31,УАЗ 31 31514,https://cars.av.by/uaz/31/16522236,1996,с пробегом,2000,бензин,2400,фиолетовый,внедорожник 5 дв.,Механика,Подключаемый полный,3 300
УАЗ,31,УАЗ 31,https://cars.av.by/uaz/31/16153991,1994,с пробегом,100000,бензин,2400,зеленый,внедорожник 5 дв.,Механика,Подключаемый полный,3 000
УАЗ,31,УАЗ 31 Уаз 31519,https://cars.av.by/uaz/31/16534146,2001,с пробегом,91718,бензин (пропан-бутан),2300,зеленый,внедорожник 5 дв.,Механика,Подключаемый полный,2 200
УАЗ,31,УАЗ 31,https://cars.av.by/uaz/31/16580774,1986,с пробегом,37000,бензин,2400,зеленый,внедорожник 5 дв.,Механика,Подключаемый полный,1 000
УАЗ,31,УАЗ 31 31622 Simbir 1,https://cars.av.by/uaz/31/16547692,2003,с пробегом,174000,бензин (пропан-бутан),2500,зеленый,внедорожник 5 дв.,Механика,Подключаемый полный,2 900
УАЗ,31,УАЗ 31,https://cars.av.by/uaz/31/14566535,2001,с пробегом,500000,бензин (пропан-бутан),2400,черный,внедорожник 5 дв.,Механика,Подключаемый полный,1 500
УАЗ,31,УАЗ 31 519,https://cars.av.by/uaz/31/15854589,2000,с пробегом,32000,бензин,2900,серый,внедорожник 5 дв.,Механика,Подключаемый полный,3 014
УАЗ,31,УАЗ 31,https://cars.av.by/uaz/31/16294158,2004,с пробегом,1,бензин,2900,зеленый,внедорожник 5 дв.,Механика,Подключаемый полный,2 500
УАЗ,31,УАЗ 31,https://cars.av.by/uaz/31/16212132,1987,с пробегом,47000,бензин,2900,зеленый,внедорожник 5 дв.,Механика,Подключаемый полный,2 200
УАЗ,31,УАЗ 31 31512,https://cars.av.by/uaz/31/16355722,2001,с пробегом,300000,бензин,2450,синий,внедорожник 5 дв.,Механика,Подключаемый полный,1 400
УАЗ,31,УАЗ 31 512,https://cars.av.by/uaz/31/16419197,1995,с пробегом,56796,бензин,2400,зеленый,внедорожник 5 дв.,Механика,1 410
УАЗ,31,УАЗ 31 51,https://cars.av.by/uaz/31/16433129,1992,с пробегом,300000,бензин,2400,зеленый,внедорожник 5 дв.,Механика,Подключаемый полный,2 100
УАЗ,3909,УАЗ 3909 94,https://cars.av.by/uaz/3909/16558239,2007,с пробегом,60000,бензин,2900,зеленый,легковой фургон,Механика,Подключаемый полный,3 500
УАЗ,3909,УАЗ 3909,https://cars.av.by/uaz/3909/14346844,2009,с пробегом,75000,бензин,2900,серый,внедорожник 5 дв.,Механика,Подключаемый полный,2 700
УАЗ,3909,УАЗ 3909,https://cars.av.by/uaz/3909/16596601,2014,с пробегом,72000,бензин,2700,зеленый,внедорожник 3 дв.,Механика,Подключаемый полный,6 510
УАЗ,3909,УАЗ 3909 390902,https://cars.av.by/uaz/3909/16594418,2006,с пробегом,63000,бензин,2700,серый,легковой фургон,Механика,Подключаемый полный,3 600
УАЗ,3909,УАЗ 3909,https://cars.av.by/uaz/3909/16512857,2004,с пробегом,100000,бензин,2400,белый,внедорожник 5 дв.,Механика,Подключаемый полный,1 000
УАЗ,3909,УАЗ 3909 95,https://cars.av.by/uaz/3909/15027508,2010,с пробегом,75000,бензин,2700,зеленый,микроавтобус грузопассажирский,Механика,2 000
УАЗ,3909,УАЗ 3909,https://cars.av.by/uaz/3909/16546352,2006,с пробегом,32000,бензин,2400,зеленый,микроавтобус грузопассажирский,Механика,Подключаемый полный,3 200
УАЗ,3909,УАЗ 3909,https://cars.av.by/uaz/3909/16578046,2011,с пробегом,67000,бензин,2700,серый,внедорожник 5 дв.,Механика,Подключаемый полный,3 100
УАЗ,3909,УАЗ 3909,https://cars.av.by/uaz/3909/16184916,1996,с пробегом,0,бензин,2400,серебристый,микроавтобус грузопассажирский,Механика,Постоянный полный,2 050
УАЗ,3909,УАЗ 3909 пикап,https://cars.av.by/uaz/3909/16533838,2013,с пробегом,135689,бензин,2500,зеленый,микроавтобус пассажирский,Механика,Подключаемый полный,3 550
УАЗ,3909,УАЗ 3909,https://cars.av.by/uaz/3909/16185329,1990,с пробегом,250000,бензин,2400,зеленый,микроавтобус грузопассажирский,Механика,Подключаемый полный,2 034
УАЗ,451,УАЗ 451,https://cars.av.by/uaz/451/16529051,1986,с пробегом,1000,бензин,2400,зеленый,другой,Механика,Подключаемый полный,1 650
УАЗ,451,УАЗ 451 3151201,https://cars.av.by/uaz/451/16568804,2000,с пробегом,75000,бензин,2400,зеленый,внедорожник 5 дв.,Механика,Постоянный полный,1 808
УАЗ,452,УАЗ 452,https://cars.av.by/uaz/452/15589135,2000,с пробегом,7000,бензин,2400,зеленый,внедорожник 5 дв.,Механика,Подключаемый полный,1 763
УАЗ,452,УАЗ 452,https://cars.av.by/uaz/452/16452162,1981,с пробегом,1,бензин,2400,другой,микроавтобус пассажирский,Механика,Подключаемый полный,723
УАЗ,452,УАЗ 452,https://cars.av.by/uaz/452/16562954,1990,с пробегом,43000,бензин,2400,другой,внедорожник 5 дв.,Механика,Подключаемый полный,1 400
УАЗ,452,УАЗ 452,https://cars.av.by/uaz/452/16186443,1988,с пробегом,1,бензин,2400,зеленый,внедорожник 5 дв.,Механика,Подключаемый полный,1 000
УАЗ,452,УАЗ 452,https://cars.av.by/uaz/452/15848840,2008,с пробегом,99000,бензин,2800,серый,микроавтобус грузопассажирский,Механика,Подключаемый полный,3 900
УАЗ,452,УАЗ 452,https://cars.av.by/uaz/452/16592354,1971,с пробегом,100,бензин,2400,зеленый,внедорожник 5 дв.,Механика,Подключаемый полный,4 500
УАЗ,452,УАЗ 452,https://cars.av.by/uaz/452/16534546,1998,с пробегом,70000,бензин,2400,серый,универсал,Механика,Подключаемый полный,2 100
УАЗ,452,УАЗ 452,https://cars.av.by/uaz/452/16581598,1969,с пробегом,100000,бензин,2400,зеленый,легковой фургон,Механика,Подключаемый полный,2 200
УАЗ,452,УАЗ 452,https://cars.av.by/uaz/452/16580356,1982,с пробегом,111100,бензин,2400,зеленый,внедорожник 5 дв.,Механика,Подключаемый полный,1 200
УАЗ,452,УАЗ 452,https://cars.av.by/uaz/452/16174473,1995,с пробегом,11000,бензин,2400,серый,микроавтобус пассажирский,Механика,Подключаемый полный,1 500
УАЗ,452,УАЗ 452 Внедорожник,https://cars.av.by/uaz/452/16547478,2016,с пробегом,60000,бензин (пропан-бутан),2700,серый,микроавтобус пассажирский,Механика,Подключаемый полный,7 500
УАЗ,452,УАЗ 452,https://cars.av.by/uaz/452/16542280,1987,с пробегом,50000,бензин,2400,зеленый,микроавтобус грузопассажирский,Механика,Подключаемый полный,1 700
УАЗ,452,УАЗ 452,https://cars.av.by/uaz/452/16531337,1989,с пробегом,0,бензин,2400,зеленый,микроавтобус пассажирский,Механика,500
УАЗ,452,УАЗ 452,https://cars.av.by/uaz/452/16219572,1976,с пробегом,116270,бензин,2400,зеленый,микроавтобус грузопассажирский,Механика,Подключаемый полный,995
УАЗ,452,УАЗ 452,https://cars.av.by/uaz/452/16517157,1993,с пробегом,50000,бензин,2500,зеленый,микроавтобус пассажирский,Механика,Подключаемый полный,3 000
УАЗ,452,УАЗ 452,https://cars.av.by/uaz/452/16450812,1980,с пробегом,250000,бензин,2300,зеленый,микроавтобус грузопассажирский,Механика,Подключаемый полный,769
УАЗ,452,УАЗ 452,https://cars.av.by/uaz/452/16403040,1987,с пробегом,111111,бензин,2400,черный,микроавтобус пассажирский,Механика,Подключаемый полный,1 300
УАЗ,452,УАЗ 452,https://cars.av.by/uaz/452/16439328,1986,с пробегом,100000,бензин,2400,зеленый,микроавтобус пассажирский,Механика,Подключаемый полный,1 000
УАЗ,452,УАЗ 452,https://cars.av.by/uaz/452/16398578,1994,с пробегом,99999,бензин,2400,зеленый,легковой фургон,Механика,Подключаемый полный,2 000
УАЗ,469,УАЗ 469,https://cars.av.by/uaz/469/16536358,2001,с пробегом,5000,бензин,2900,зеленый,внедорожник 5 дв.,Механика,Подключаемый полный,4 900
УАЗ,469,УАЗ 469,https://cars.av.by/uaz/469/15721921,1973,с пробегом,80000,бензин,3000,другой,внедорожник 5 дв.,Механика,Постоянный полный,3 200
УАЗ,469,УАЗ 469,https://cars.av.by/uaz/469/16416879,1979,с пробегом,111,дизель,3000,зеленый,внедорожник 5 дв.,Механика,Подключаемый полный,2 200
УАЗ,469,УАЗ 469,https://cars.av.by/uaz/469/12799977,1998,с пробегом,50000,бензин,3000,другой,внедорожник 5 дв.,Механика,Подключаемый полный,5 353
УАЗ,469,УАЗ 469,https://cars.av.by/uaz/469/16597160,1968,с пробегом,56000,бензин,2400,зеленый,внедорожник 5 дв.,Механика,Подключаемый полный,600
УАЗ,469,УАЗ 469,https://cars.av.by/uaz/469/16594825,1987,с пробегом,90000,бензин,2400,зеленый,внедорожник 5 дв.,Механика,Подключаемый полный,500
УАЗ,469,УАЗ 469,https://cars.av.by/uaz/469/13404643,1978,с пробегом,75000,бензин,1600,зеленый,внедорожник 5 дв.,Механика,Подключаемый полный,1 300
УАЗ,469,УАЗ 469,https://cars.av.by/uaz/469/16497725,1975,с пробегом,150000,бензин,2400,зеленый,внедорожник 5 дв.,Механика,Подключаемый полный,799
УАЗ,469,УАЗ 469,https://cars.av.by/uaz/469/16567666,2001,с пробегом,99000,бензин,2400,черный,внедорожник 5 дв.,Механика,Подключаемый полный,1 999
УАЗ,469,УАЗ 469,https://cars.av.by/uaz/469/15436769,2006,с пробегом,100,бензин,3000,зеленый,внедорожник 5 дв.,Механика,Подключаемый полный,4 700
УАЗ,469,УАЗ 469,https://cars.av.by/uaz/469/16559963,1979,на запчасти,49000,бензин,2400,зеленый,внедорожник 5 дв.,Механика,Постоянный полный,699
УАЗ,469,УАЗ 469,https://cars.av.by/uaz/469/16573190,1970,с пробегом,40000,бензин,2400,зеленый,другой,Механика,Подключаемый полный,1 500
УАЗ,469,УАЗ 469,https://cars.av.by/uaz/469/16576459,1985,с пробегом,70000,бензин (пропан-бутан),2400,другой,внедорожник 5 дв.,Механика,Подключаемый полный,1 700
УАЗ,469,УАЗ 469,https://cars.av.by/uaz/469/16415727,2000,с пробегом,49999,бензин,2400,другой,внедорожник 5 дв.,Механика,Подключаемый полный,2 712
УАЗ,469,УАЗ 469,https://cars.av.by/uaz/469/16362006,1980,с пробегом,10000,бензин,2400,зеленый,внедорожник 5 дв.,Механика,Постоянный полный,1 500
УАЗ,469,УАЗ 469,https://cars.av.by/uaz/469/16568037,1987,с пробегом,100000,бензин,2400,зеленый,пикап,Механика,Подключаемый полный,800
УАЗ,469,УАЗ 469,https://cars.av.by/uaz/469/16589155,1981,с пробегом,30000,бензин,2400,зеленый,внедорожник 5 дв.,Механика,Подключаемый полный,500
УАЗ,469,УАЗ 469,https://cars.av.by/uaz/469/16524024,1983,с пробегом,5000,бензин,2400,серый,внедорожник 5 дв.,Механика,Подключаемый полный,1 900
УАЗ,469,УАЗ 469,https://cars.av.by/uaz/469/16435065,1980,с пробегом,100000,бензин,2400,зеленый,внедорожник 5 дв.,Механика,Подключаемый полный,3 000
УАЗ,469,УАЗ 469,https://cars.av.by/uaz/469/14457173,1989,с пробегом,10000,дизель,2700,зеленый,внедорожник 5 дв.,Механика,Подключаемый полный,3 950
УАЗ,469,УАЗ 469,https://cars.av.by/uaz/469/14651676,2001,с пробегом,5555,бензин (пропан-бутан),2900,зеленый,внедорожник 5 дв.,Механика,Подключаемый полный,4 999
УАЗ,469,УАЗ 469,https://cars.av.by/uaz/469/16556527,1985,с пробегом,230,бензин,2400,зеленый,внедорожник 5 дв.,Механика,Подключаемый полный,1 700
УАЗ,469,УАЗ 469,https://cars.av.by/uaz/469/16517900,1980,с пробегом,34,бензин,2400,зеленый,внедорожник 5 дв.,Механика,Подключаемый полный,1 300
УАЗ,469,УАЗ 469,https://cars.av.by/uaz/469/16463301,1998,с пробегом,100,бензин,2400,зеленый,внедорожник 5 дв.,Механика,2 950
УАЗ,469,УАЗ 469,https://cars.av.by/uaz/469/16532782,1979,с пробегом,1,бензин,2400,зеленый,внедорожник 5 дв.,Механика,Подключаемый полный,1 000
УАЗ,469,УАЗ 469,https://cars.av.by/uaz/469/16042306,1982,с пробегом,80000,бензин,2400,зеленый,внедорожник 5 дв.,Механика,Подключаемый полный,1 400
УАЗ,469,УАЗ 469,https://cars.av.by/uaz/469/16472154,1995,с пробегом,1000,бензин,2500,зеленый,универсал,Механика,1 500
УАЗ,469,УАЗ 469,https://cars.av.by/uaz/469/16477821,1990,на запчасти,2,бензин,2400,другой,внедорожник 5 дв.,Механика,Подключаемый полный,550
УАЗ,469,УАЗ 469,https://cars.av.by/uaz/469/15722378,2007,с пробегом,2000,бензин,2900,зеленый,внедорожник 5 дв.,Механика,Подключаемый полный,2 850
УАЗ,469,УАЗ 469,https://cars.av.by/uaz/469/16231506,2004,с пробегом,100000,бензин,2400,зеленый,внедорожник 5 дв.,Механика,Подключаемый полный,1 200
УАЗ,469,УАЗ 469,https://cars.av.by/uaz/469/16067021,1988,с пробегом,50000,дизель,2400,зеленый,внедорожник 5 дв.,Механика,Подключаемый полный,2 000
УАЗ,469,УАЗ 469,https://cars.av.by/uaz/469/15456777,1976,с пробегом,50000,бензин,2500,зеленый,внедорожник 5 дв.,Механика,Подключаемый полный,1 600
УАЗ,469,УАЗ 469,https://cars.av.by/uaz/469/16113996,1990,с пробегом,150000,бензин,2700,зеленый,внедорожник 5 дв.,Механика,Подключаемый полный,5 000
УАЗ,469,УАЗ 469,https://cars.av.by/uaz/469/16497033,1962,с пробегом,9000,бензин,2400,зеленый,внедорожник 5 дв.,Механика,4 200
УАЗ,469,УАЗ 469,https://cars.av.by/uaz/469/16220115,1997,с пробегом,95000,бензин,2500,черный,внедорожник 5 дв.,Механика,Подключаемый полный,900
УАЗ,469,УАЗ 469 31512,https://cars.av.by/uaz/469/16472900,1992,с пробегом,88000,бензин,2400,зеленый,внедорожник 5 дв.,Механика,Подключаемый полный,1 150
УАЗ,469,УАЗ 469 31519,https://cars.av.by/uaz/469/16193425,2003,с пробегом,90000,бензин,2900,зеленый,внедорожник 5 дв.,Механика,Подключаемый полный,1 950
УАЗ,469,УАЗ 469,https://cars.av.by/uaz/469/16448340,1988,с пробегом,200000,дизель,2300,синий,седан,Механика,Подключаемый полный,1 200
УАЗ,469,УАЗ 469,https://cars.av.by/uaz/469/16448345,1978,с пробегом,100000,дизель,2400,зеленый,внедорожник 5 дв.,Механика,Подключаемый полный,5 000
УАЗ,469,УАЗ 469,https://cars.av.by/uaz/469/16427122,2003,с пробегом,999999,бензин,2900,серый,внедорожник 5 дв.,Механика,Подключаемый полный,995
УАЗ,469,УАЗ 469,https://cars.av.by/uaz/469/16185054,1998,с пробегом,1,бензин,2900,синий,внедорожник 5 дв.,Механика,Подключаемый полный,4 000
УАЗ,469,УАЗ 469 31519,https://cars.av.by/uaz/469/13514095,1999,с пробегом,1000,бензин,2400,зеленый,внедорожник 5 дв.,Механика,Подключаемый полный,2 000
УАЗ,Hunter,УАЗ Hunter 2.2 td,https://cars.av.by/uaz/hunter/16385192,2013,с пробегом,31000,дизель,2200,зеленый,внедорожник 5 дв.,Механика,Подключаемый полный,6 300
УАЗ,Hunter,УАЗ Hunter 31519,https://cars.av.by/uaz/hunter/16552990,2005,с пробегом,221000,бензин,2900,зеленый,внедорожник 5 дв.,Механика,Подключаемый полный,5 140
УАЗ,Hunter,УАЗ Hunter 315195,https://cars.av.by/uaz/hunter/16397248,2005,с пробегом,143000,бензин,2900,зеленый,внедорожник 5 дв.,Механика,Подключаемый полный,2 955
УАЗ,Hunter,УАЗ Hunter,https://cars.av.by/uaz/hunter/16126956,2003,с пробегом,65000,дизель,2200,зеленый,внедорожник 5 дв.,Механика,Подключаемый полный,5 199
УАЗ,Hunter,УАЗ Hunter,https://cars.av.by/uaz/hunter/15756236,2006,с пробегом,2000,дизель,2199,черный,внедорожник 5 дв.,Механика,Подключаемый полный,3 700
УАЗ,Hunter,УАЗ Hunter,https://cars.av.by/uaz/hunter/16582881,2006,с пробегом,130000,бензин (пропан-бутан),2700,черный,универсал,Механика,Подключаемый полный,3 000
УАЗ,Hunter,УАЗ Hunter 2.7 i,https://cars.av.by/uaz/hunter/16574616,2005,с пробегом,205000,бензин,2700,серебристый,внедорожник 5 дв.,Механика,Подключаемый полный,4 000
УАЗ,Hunter,УАЗ Hunter УАЗ 315195 035,https://cars.av.by/uaz/hunter/16571086,2006,с пробегом,50000,бензин,2700,серый,внедорожник 5 дв.,Механика,Подключаемый полный,1 200
УАЗ,Hunter,УАЗ Hunter,https://cars.av.by/uaz/hunter/16562067,2006,с пробегом,70000,бензин,2930,зеленый,внедорожник 5 дв.,Механика,Подключаемый полный,3 100
УАЗ,Hunter,УАЗ Hunter,https://cars.av.by/uaz/hunter/16557681,2008,с пробегом,130000,бензин,2700,зеленый,внедорожник 5 дв.,Механика,Подключаемый полный,3 000
УАЗ,Hunter,УАЗ Hunter,https://cars.av.by/uaz/hunter/16155773,2006,с пробегом,100000,бензин,2900,желтый,внедорожник 5 дв.,Механика,Подключаемый полный,4 900
УАЗ,Hunter,УАЗ Hunter,https://cars.av.by/uaz/hunter/16448812,2014,с пробегом,1,бензин,2700,черный,внедорожник 5 дв.,Механика,Подключаемый полный,6 000
УАЗ,Hunter,УАЗ Hunter УАЗ Hunter,https://cars.av.by/uaz/hunter/16537702,2014,с пробегом,14000,бензин,2700,черный,внедорожник 5 дв.,Механика,Подключаемый полный,7 000
УАЗ,Hunter,УАЗ Hunter,https://cars.av.by/uaz/hunter/16273295,2011,с пробегом,47000,бензин,2700,зеленый,внедорожник 5 дв.,Механика,Подключаемый полный,7 700
УАЗ,Hunter,УАЗ Hunter,https://cars.av.by/uaz/hunter/16465907,2011,с пробегом,139000,дизель,2200,черный,внедорожник 5 дв.,Механика,Подключаемый полный,4 200
УАЗ,Hunter,УАЗ Hunter,https://cars.av.by/uaz/hunter/16455848,2012,с пробегом,68000,бензин,2700,черный,внедорожник 5 дв.,Механика,6 374
УАЗ,Hunter,УАЗ Hunter,https://cars.av.by/uaz/hunter/16407470,2013,с пробегом,27184,бензин,2700,зеленый,внедорожник 5 дв.,Механика,Подключаемый полный,8 800
УАЗ,Hunter,УАЗ Hunter,https://cars.av.by/uaz/hunter/16301093,2007,с пробегом,1111,дизель,2200,зеленый,внедорожник 5 дв.,Механика,Подключаемый полный,4 100
УАЗ,Патриот,УАЗ Патриот,https://cars.av.by/uaz/patriot/16476864,2007,с пробегом,180000,бензин,2700,серебристый,внедорожник 5 дв.,Механика,Подключаемый полный,7 800
УАЗ,Патриот,УАЗ Патриот Unlimited,https://cars.av.by/uaz/patriot/16462984,2015,с пробегом,52000,бензин,2700,серебристый,внедорожник 5 дв.,Механика,Подключаемый полный,9 350
УАЗ,Патриот,УАЗ Патриот,https://cars.av.by/uaz/patriot/16195745,2014,с пробегом,72000,бензин (пропан-бутан),2700,другой,внедорожник 5 дв.,Механика,Подключаемый полный,6 781
УАЗ,Патриот,УАЗ Патриот 2.7i awd,https://cars.av.by/uaz/patriot/16597556,2007,с пробегом,280000,бензин,2700,синий,внедорожник 5 дв.,Механика,Подключаемый полный,3 499
УАЗ,Патриот,УАЗ Патриот,https://cars.av.by/uaz/patriot/16442962,2011,с пробегом,112000,бензин,2700,другой,внедорожник 5 дв.,Механика,Подключаемый полный,6 250
УАЗ,Патриот,УАЗ Патриот,https://cars.av.by/uaz/patriot/16558912,2005,с пробегом,260000,бензин,2700,черный,внедорожник 5 дв.,Механика,Подключаемый полный,2 300
УАЗ,Патриот,УАЗ Патриот 2.7i Optimum,https://cars.av.by/uaz/patriot/16545060,2018,с пробегом,30000,бензин,2700,серый,внедорожник 5 дв.,Механика,Подключаемый полный,14 950
УАЗ,Патриот,УАЗ Патриот,https://cars.av.by/uaz/patriot/16472993,2016,с пробегом,51000,бензин,2700,коричневый,внедорожник 5 дв.,Механика,Подключаемый полный,9 700
УАЗ,Патриот,УАЗ Патриот,https://cars.av.by/uaz/patriot/16449396,2014,с пробегом,54000,бензин,2700,черный,внедорожник 5 дв.,Механика,Подключаемый полный,8 990
УАЗ,Патриот,УАЗ Патриот,https://cars.av.by/uaz/patriot/16572608,2008,с пробегом,160000,бензин,2700,черный,внедорожник 5 дв.,Механика,Подключаемый полный,3 800
УАЗ,Патриот,УАЗ Патриот,https://cars.av.by/uaz/patriot/16413778,2005,с пробегом,280000,бензин,2700,зеленый,внедорожник 5 дв.,Механика,Подключаемый полный,4 000
УАЗ,Патриот,УАЗ Патриот,https://cars.av.by/uaz/patriot/16403169,2015,с пробегом,82001,бензин,2700,белый,внедорожник 5 дв.,Механика,Подключаемый полный,10 000
УАЗ,Патриот,УАЗ Патриот,https://cars.av.by/uaz/patriot/16228678,2008,с пробегом,213145,бензин,2700,красный,внедорожник 5 дв.,Механика,Подключаемый полный,6 200
УАЗ,Патриот,УАЗ Патриот,https://cars.av.by/uaz/patriot/16422458,2006,с пробегом,195,бензин,2700,черный,внедорожник 5 дв.,Механика,Подключаемый полный,5 000
УАЗ,Патриот,УАЗ Патриот,https://cars.av.by/uaz/patriot/16251534,2011,с пробегом,120000,бензин,2700,черный,внедорожник 5 дв.,Механика,Подключаемый полный,6 900
УАЗ,Патриот,УАЗ Патриот,https://cars.av.by/uaz/patriot/16542029,2006,с пробегом,322590,бензин,2700,серебристый,внедорожник 5 дв.,Механика,Постоянный полный,4 500
УАЗ,Патриот,УАЗ Патриот,https://cars.av.by/uaz/patriot/16444696,2011,с пробегом,123000,бензин,2700,зеленый,универсал,Механика,Подключаемый полный,6 950
УАЗ,Патриот,УАЗ Патриот,https://cars.av.by/uaz/patriot/16595856,2013,с пробегом,94000,бензин,2700,другой,внедорожник 5 дв.,Механика,Подключаемый полный,7 000
УАЗ,Патриот,УАЗ Патриот,https://cars.av.by/uaz/patriot/16435676,2016,с пробегом,132000,бензин (пропан-бутан),2700,коричневый,внедорожник 5 дв.,Механика,Подключаемый полный,9 600
УАЗ,Патриот,УАЗ Патриот,https://cars.av.by/uaz/patriot/16385125,2018,с пробегом,50000,бензин,2693,черный,внедорожник 5 дв.,Механика,Подключаемый полный,14 500
УАЗ,Патриот,УАЗ Патриот,https://cars.av.by/uaz/patriot/16576001,2012,с пробегом,107000,бензин,2700,серый,внедорожник 5 дв.,Механика,Подключаемый полный,5 990
УАЗ,Патриот,УАЗ Патриот Престиж,https://cars.av.by/uaz/patriot/16561510,2017,с пробегом,37000,бензин,2700,другой,внедорожник 5 дв.,Механика,Подключаемый полный,11 350
УАЗ,Патриот,УАЗ Патриот,https://cars.av.by/uaz/patriot/16451907,2014,с пробегом,72804,бензин (пропан-бутан),2700,коричневый,внедорожник 5 дв.,Механика,Подключаемый полный,7 950
УАЗ,Патриот,УАЗ Патриот УАЗ ПАТРИОТ,https://cars.av.by/uaz/patriot/16594438,2017,с пробегом,24000,бензин,2700,серебристый,внедорожник 5 дв.,Механика,Подключаемый полный,11 000
УАЗ,Патриот,УАЗ Патриот,https://cars.av.by/uaz/patriot/16561978,2007,с пробегом,150000,бензин,2700,зеленый,внедорожник 5 дв.,Механика,Подключаемый полный,3 000
УАЗ,Патриот,УАЗ Патриот,https://cars.av.by/uaz/patriot/14381415,2008,с пробегом,170000,бензин,2700,черный,внедорожник 5 дв.,Механика,Постоянный полный,4 000
УАЗ,Патриот,УАЗ Патриот,https://cars.av.by/uaz/patriot/16137854,2014,с пробегом,123000,бензин,2700,черный,внедорожник 5 дв.,Механика,Подключаемый полный,7 900
УАЗ,Патриот,УАЗ Патриот LIMITED,https://cars.av.by/uaz/patriot/16545544,2015,с пробегом,60000,бензин,2700,серый,внедорожник 5 дв.,Механика,Подключаемый полный,8 900
УАЗ,Патриот,УАЗ Патриот,https://cars.av.by/uaz/patriot/16545731,2008,с пробегом,300000,бензин (метан),2700,другой,внедорожник 5 дв.,Механика,Подключаемый полный,4 500
УАЗ,Патриот,УАЗ Патриот Limited,https://cars.av.by/uaz/patriot/16155201,2006,с пробегом,244288,бензин (пропан-бутан),2700,синий,внедорожник 5 дв.,Механика,Подключаемый полный,5 700
УАЗ,Патриот,УАЗ Патриот,https://cars.av.by/uaz/patriot/16576920,2007,с пробегом,200000,бензин,2900,черный,внедорожник 5 дв.,Механика,Подключаемый полный,3 000
УАЗ,Патриот,УАЗ Патриот,https://cars.av.by/uaz/patriot/16557096,2012,с пробегом,112000,бензин,2700,серебристый,внедорожник 5 дв.,Механика,Подключаемый полный,5 760
УАЗ,Патриот,УАЗ Патриот,https://cars.av.by/uaz/patriot/14634106,2017,с пробегом,40400,бензин,2700,серый,внедорожник 5 дв.,Механика,Подключаемый полный,11 200
УАЗ,Патриот,УАЗ Патриот,https://cars.av.by/uaz/patriot/16218874,2009,с пробегом,114000,бензин (пропан-бутан),2700,серебристый,внедорожник 5 дв.,Механика,Подключаемый полный,5 500
УАЗ,Патриот,УАЗ Патриот LIMITED,https://cars.av.by/uaz/patriot/16569388,2015,с пробегом,98,бензин (пропан-бутан),2700,серый,внедорожник 5 дв.,Механика,Подключаемый полный,10 000
УАЗ,Патриот,УАЗ Патриот,https://cars.av.by/uaz/patriot/16567432,2013,с пробегом,200000,бензин,2700,зеленый,внедорожник 5 дв.,Механика,Подключаемый полный,5 500
УАЗ,Патриот,УАЗ Патриот 51432 Дизель,https://cars.av.by/uaz/patriot/16535276,2014,с пробегом,80000,дизель,2200,черный,внедорожник 5 дв.,Механика,Подключаемый полный,7 999
УАЗ,Патриот,УАЗ Патриот,https://cars.av.by/uaz/patriot/16548168,2016,с пробегом,53000,бензин (пропан-бутан),2700,черный,внедорожник 5 дв.,Механика,Подключаемый полный,13 900
УАЗ,Патриот,УАЗ Патриот Limited,https://cars.av.by/uaz/patriot/16434606,2012,с пробегом,75000,бензин,2700,белый,внедорожник 5 дв.,Механика,Подключаемый полный,7 500
УАЗ,Патриот,УАЗ Патриот,https://cars.av.by/uaz/patriot/14428968,2008,с пробегом,120000,бензин (пропан-бутан),2700,зеленый,внедорожник 5 дв.,Механика,Подключаемый полный,6 000
УАЗ,Патриот,УАЗ Патриот,https://cars.av.by/uaz/patriot/16534163,2015,с пробегом,58000,бензин,2700,другой,внедорожник 5 дв.,Механика,Подключаемый полный,8 000
УАЗ,Патриот,УАЗ Патриот,https://cars.av.by/uaz/patriot/16521496,2010,с пробегом,140000,бензин (пропан-бутан),2700,черный,внедорожник 5 дв.,Механика,Подключаемый полный,7 000
УАЗ,Патриот,УАЗ Патриот,https://cars.av.by/uaz/patriot/16370303,2006,с пробегом,222222,бензин,2700,черный,внедорожник 5 дв.,Механика,Подключаемый полный,5 200
УАЗ,Патриот,УАЗ Патриот Трофи,https://cars.av.by/uaz/patriot/16100540,2014,с пробегом,60000,бензин (пропан-бутан),2700,серый,внедорожник 5 дв.,Механика,Подключаемый полный,8 500
Эксклюзив,Автодом,Эксклюзив Автодом Fiat Ducato,https://cars.av.by/eksklyuziv/avtodom/13964966,1990,с пробегом,287000,дизель,2500,белый,микроавтобус пассажирский,Механика,Передний,8 700
Эксклюзив,Автодом,Эксклюзив Автодом Fiat Ducato Maxi,https://cars.av.by/eksklyuziv/avtodom/16596444,1994,с пробегом,147000,дизель,2500,белый,другой,Механика,Передний,14 000
Эксклюзив,Автодом,Эксклюзив Автодом,https://cars.av.by/eksklyuziv/avtodom/15796281,2008,с пробегом,115000,дизель,2300,белый,другой,Механика,Передний,37 000
Эксклюзив,Автодом,Эксклюзив Автодом,https://cars.av.by/eksklyuziv/avtodom/15651159,2012,с пробегом,50300,дизель,2300,серый,микроавтобус пассажирский,Механика,Передний,43 000
Эксклюзив,Автодом,Эксклюзив Автодом Газ 66,https://cars.av.by/eksklyuziv/avtodom/14396566,1991,с пробегом,9000,дизель,4000,желтый,другой,Механика,Подключаемый полный,20 000
Эксклюзив,Автодом,Эксклюзив Автодом Детфелс Тренд Т7057,https://cars.av.by/eksklyuziv/avtodom/16585332,2016,с пробегом,76500,дизель,2300,белый,другой,Механика,Передний,52 000
Эксклюзив,Автодом,Эксклюзив Автодом 130 Multijet,https://cars.av.by/eksklyuziv/avtodom/15594985,2008,с пробегом,140000,дизель,2300,серебристый,легковой фургон,Механика,Передний,39 900
Эксклюзив,Багги,Эксклюзив Багги,https://cars.av.by/eksklyuziv/baggi/16542430,2015,с пробегом,1000,бензин,1500,красный,другой,Автомат,Задний,1 000
Эксклюзив,Багги,Эксклюзив Багги,https://cars.av.by/eksklyuziv/baggi/12682534,2017,с пробегом,20000,дизель,1900,черный,другой,Механика,Подключаемый полный,1 500
Эксклюзив,Багги,Эксклюзив Багги Карткросс,https://cars.av.by/eksklyuziv/baggi/16079722,2010,с пробегом,1000,бензин,600,желтый,другой,Механика,Задний,1 356
Эксклюзив,Багги,Эксклюзив Багги,https://cars.av.by/eksklyuziv/baggi/15551668,2010,с пробегом,100,бензин,1300,зеленый,кабриолет,Механика,Задний,800
Эксклюзив,Багги,Эксклюзив Багги 1.5инжектор,https://cars.av.by/eksklyuziv/baggi/16443126,2018,с пробегом,100,бензин,1500,синий,другой,Механика,Задний,2 000
Эксклюзив,Вездеход,Эксклюзив Вездеход 1.6 D,https://cars.av.by/eksklyuziv/vezdehod/16522312,2017,с пробегом,55000,дизель,1600,другой,другой,Механика,Постоянный полный,2 999
Эксклюзив,Вездеход,Эксклюзив Вездеход,https://cars.av.by/eksklyuziv/vezdehod/16583287,2019,с пробегом,100,дизель,1600,серебристый,внедорожник 3 дв.,Механика,Подключаемый полный,1 500
Эксклюзив,Вездеход,Эксклюзив Вездеход болотоход каракат,https://cars.av.by/eksklyuziv/vezdehod/14924886,2019,с пробегом,30,бензин,500,зеленый,другой,Механика,Постоянный полный,3 400
Эксклюзив,Вездеход,Эксклюзив Вездеход,https://cars.av.by/eksklyuziv/vezdehod/16560892,1989,с пробегом,80000,бензин,1500,белый,внедорожник 3 дв.,Механика,Подключаемый полный,2 950
Эксклюзив,Вездеход,Эксклюзив Вездеход Steyr-Puch Haflinger,https://cars.av.by/eksklyuziv/vezdehod/16062789,1964,с пробегом,33000,бензин,700,другой,внедорожник 3 дв.,Механика,Подключаемый полный,11 000
Эксклюзив,Вездеход,Эксклюзив Вездеход Вездеход/болотоход,https://cars.av.by/eksklyuziv/vezdehod/16097574,2014,с пробегом,400,дизель,2000,другой,внедорожник 3 дв.,Механика,Подключаемый полный,3 000
Эксклюзив,Вездеход,Эксклюзив Вездеход,https://cars.av.by/eksklyuziv/vezdehod/14491912,2019,с пробегом,111,дизель,1600,серый,внедорожник 3 дв.,Механика,Постоянный полный,3 000
Эксклюзив,Вездеход,Эксклюзив Вездеход,https://cars.av.by/eksklyuziv/vezdehod/15484530,2019,с пробегом,1,дизель,2500,другой,внедорожник 3 дв.,Механика,Подключаемый полный,3 300
Эксклюзив,Вездеход,Эксклюзив Вездеход Уникальный,https://cars.av.by/eksklyuziv/vezdehod/16277480,2016,с пробегом,3000,дизель,1900,белый,купе,Механика,Подключаемый полный,6 000
Эксклюзив,Военная техника,Эксклюзив Военная техника Willys,https://cars.av.by/eksklyuziv/voennaya-tehnika/16311899,1945,с пробегом,1,бензин,2199,зеленый,внедорожник 3 дв.,Механика,Подключаемый полный,20 000
Эксклюзив,Военная техника,Эксклюзив Военная техника Вездеход,https://cars.av.by/eksklyuziv/voennaya-tehnika/13275358,1980,с пробегом,3000,бензин,8000,зеленый,внедорожник 3 дв.,Механика,Подключаемый полный,15 000
Эксклюзив,Военная техника,Эксклюзив Военная техника,https://cars.av.by/eksklyuziv/voennaya-tehnika/8003303,1985,с пробегом,1500,бензин,7000,зеленый,внедорожник 5 дв.,Механика,Постоянный полный,15 000
Эксклюзив,Военная техника,Эксклюзив Военная техника Pinzgauer 710K,https://cars.av.by/eksklyuziv/voennaya-tehnika/15504350,1975,с пробегом,53000,бензин,2500,зеленый,внедорожник 5 дв.,Механика,Подключаемый полный,21 000
Эксклюзив,Карт,Эксклюзив Карт аку-89,https://cars.av.by/eksklyuziv/kart/16511295,1990,с пробегом,123321,бензин,500,оранжевый,купе,Автомат,Задний,350
Эксклюзив,Карт,Эксклюзив Карт,https://cars.av.by/eksklyuziv/kart/16218678,2014,с пробегом,44,бензин,2000,зеленый,другой,Автомат,Задний,700
Эксклюзив,Редкая модель,Эксклюзив Редкая модель Плимут Пикколо Прага,https://cars.av.by/eksklyuziv/redkaya-model/15827877,1942,с пробегом,40000,бензин,2000,черный,хэтчбек 5 дв.,Механика,Передний,17 000
Эксклюзив,Редкая модель,Эксклюзив Редкая модель VII (AN10) BAW BEIJING BJ1021PHD41,https://cars.av.by/eksklyuziv/redkaya-model/15920340,2008,с пробегом,150000,бензин,2200,белый,пикап,Механика,Задний,3 500
Эксклюзив,Редкая модель,Эксклюзив Редкая модель Club Car,https://cars.av.by/eksklyuziv/redkaya-model/16024285,2001,с пробегом,111,электро,30,зеленый,другой,Автомат,Передний,2 700
Эксклюзив,Редкая модель,Эксклюзив Редкая модель TATRA T613,https://cars.av.by/eksklyuziv/redkaya-model/16531319,1991,с пробегом,50000,бензин,3500,черный,седан,Механика,Задний,5 000
Эксклюзив,Редкая модель,Эксклюзив Редкая модель Ныса 522,https://cars.av.by/eksklyuziv/redkaya-model/14234575,1988,с пробегом,100000,бензин,2400,другой,микроавтобус грузопассажирский,Механика,Задний,452
Эксклюзив,Редкая модель,Эксклюзив Редкая модель Opel kadett k38,https://cars.av.by/eksklyuziv/redkaya-model/16466108,1938,с пробегом,1111,бензин,1000,зеленый,кабриолет,Механика,Задний,4 500
Эксклюзив,Ретро,Эксклюзив Ретро Wanderer W22L6,https://cars.av.by/eksklyuziv/retro/14515953,1933,с пробегом,1,бензин,2400,черный,седан,Механика,50 000
Эксклюзив,Ретро,Эксклюзив Ретро,https://cars.av.by/eksklyuziv/retro/15857446,1936,с повреждениями,175000,бензин,1800,зеленый,купе,Механика,Задний,4 747
Эксклюзив,Ретро,Эксклюзив Ретро вандерер 50,https://cars.av.by/eksklyuziv/retro/16588905,1938,с пробегом,1,дизель,2000,черный,универсал,Автомат,Задний,9 810
Эксклюзив,Ретро,Эксклюзив Ретро,https://cars.av.by/eksklyuziv/retro/13872258,1980,с пробегом,40000,бензин,2120,синий,микроавтобус грузопассажирский,Механика,1 000
Эксклюзив,Ретро,Эксклюзив Ретро Опель-Super-6,https://cars.av.by/eksklyuziv/retro/15763947,1938,с пробегом,100000,бензин,3000,черный,седан,Механика,Задний,12 500
Эксклюзив,Ретро,Эксклюзив Ретро L206D,https://cars.av.by/eksklyuziv/retro/16474541,1976,с повреждениями,100000,дизель,2000,красный,микроавтобус пассажирский,Механика,Передний,5 000
Эксклюзив,Ретро,Эксклюзив Ретро Dodge W30 Power Wagon Fire Truck,https://cars.av.by/eksklyuziv/retro/14325799,1975,с пробегом,19000,бензин,5900,красный,другой,Механика,Подключаемый полный,9 000
Эксклюзив,Самодельный,Эксклюзив Самодельный,https://cars.av.by/eksklyuziv/samodelnyj/16596792,2017,с пробегом,1111,бензин,2000,другой,купе,Механика,Задний,1 500
Эксклюзив,Самодельный,Эксклюзив Самодельный,https://cars.av.by/eksklyuziv/samodelnyj/16420407,1988,с пробегом,70000,бензин,2440,зеленый,пикап,Механика,Задний,452
Эксклюзив,Самодельный,Эксклюзив Самодельный,https://cars.av.by/eksklyuziv/samodelnyj/16419911,2015,с пробегом,300,дизель,1600,зеленый,внедорожник 5 дв.,Механика,1 000
Эксклюзив,Самодельный,Эксклюзив Самодельный sport,https://cars.av.by/eksklyuziv/samodelnyj/16093094,2015,с пробегом,10000,бензин,4200,красный,внедорожник 3 дв.,Механика,Подключаемый полный,3 000
Эксклюзив,Спорт,Эксклюзив Спорт FactoryFive 33,https://cars.av.by/eksklyuziv/sport/12147593,2014,с пробегом,800,бензин,5000,другой,родстер,Автомат,55 000
