Volkswagen Touareg I (рестайлинг),https://cars.av.by/volkswagen/touareg/16071995,2008,2008,автомат,4.2 л.,бензин,внедорожник 5 дв.,275000 км,7 950
Volkswagen Touareg II,https://cars.av.by/volkswagen/touareg/16037890,2011,2011,автомат,3.0 л.,дизель,внедорожник 5 дв.,233000 км,20 900
Volkswagen Touareg I (рестайлинг) 2.5TDI AT,https://cars.av.by/volkswagen/touareg/16287580,2009,2009,автомат,2.5 л.,дизель,внедорожник 5 дв.,137400 км,11 500
Volkswagen Touareg I (рестайлинг),https://cars.av.by/volkswagen/touareg/16581873,2008,2008,автомат,2.5 л.,дизель,внедорожник 5 дв.,300000 км,12 300
Volkswagen Touareg I (рестайлинг) CASA,https://cars.av.by/volkswagen/touareg/16569356,2008,2008,автомат,3.0 л.,дизель,внедорожник 5 дв.,183000 км,13 180
Volkswagen Touareg I,https://cars.av.by/volkswagen/touareg/16054656,2004,2004,автомат,2.5 л.,дизель,внедорожник 5 дв.,270000 км,9 000
Volkswagen Touareg I (рестайлинг) BKS,https://cars.av.by/volkswagen/touareg/16456685,2007,2007,автомат,3.0 л.,дизель,внедорожник 5 дв.,300000 км,10 999
Volkswagen Touareg I,https://cars.av.by/volkswagen/touareg/16232448,2003,2003,механика,2.5 л.,дизель,внедорожник 5 дв.,2820000 км,9 500
Volkswagen Touareg I R5,https://cars.av.by/volkswagen/touareg/16408069,2005,2005,автомат,2.5 л.,дизель,внедорожник 5 дв.,255000 км,9 800
Volkswagen Touareg I (рестайлинг),https://cars.av.by/volkswagen/touareg/16411069,2007,2007,автомат,3.0 л.,дизель,внедорожник 5 дв.,255000 км,12 800
Volkswagen Touareg I,https://cars.av.by/volkswagen/touareg/16165282,2006,2006,механика,2.5 л.,дизель,внедорожник 5 дв.,255000 км,15 999
Volkswagen Touareg I (рестайлинг) GP,https://cars.av.by/volkswagen/touareg/16438958,2008,2008,автомат,2.5 л.,дизель,внедорожник 5 дв.,190000 км,11 800
Volkswagen Touareg II (рестайлинг),https://cars.av.by/volkswagen/touareg/16467667,2017,2017,автомат,3.0 л.,дизель,внедорожник 5 дв.,162228 км,36 750
Volkswagen Touareg I,https://cars.av.by/volkswagen/touareg/16524101,2004,2004,автомат,5.0 л.,дизель,внедорожник 5 дв.,158025 км,8 700
Volkswagen Touareg I,https://cars.av.by/volkswagen/touareg/16417647,2003,2003,автомат,4.2 л.,бензин (пропан-бутан),внедорожник 5 дв.,217000 км,8 000
Volkswagen Touareg I,https://cars.av.by/volkswagen/touareg/16583886,2004,2004,автомат,2.5 л.,дизель,внедорожник 5 дв.,287000 км,8 900
Volkswagen Touareg II,https://cars.av.by/volkswagen/touareg/16575799,2011,2011,автомат,3.0 л.,дизель,внедорожник 5 дв.,119000 км,24 699
Volkswagen Touareg I,https://cars.av.by/volkswagen/touareg/16526286,2006,2006,автомат,3.2 л.,бензин,внедорожник 5 дв.,289150 км,11 049
Volkswagen Touareg II,https://cars.av.by/volkswagen/touareg/16511505,2011,2011,автомат,3.0 л.,дизель,внедорожник 5 дв.,186200 км,19 950
Volkswagen Touareg I,https://cars.av.by/volkswagen/touareg/16381735,2003,2003,автомат,3.2 л.,бензин,внедорожник 5 дв.,312000 км,7 499
Volkswagen Touareg II,https://cars.av.by/volkswagen/touareg/16132514,2012,2012,автомат,3.6 л.,бензин,внедорожник 5 дв.,180800 км,19 199
Volkswagen Touareg I,https://cars.av.by/volkswagen/touareg/16157219,2004,2004,автомат,3.2 л.,бензин,внедорожник 5 дв.,257000 км,5 500
Volkswagen Touareg I BKS  3.0 TDI  V6,https://cars.av.by/volkswagen/touareg/16575027,2006,2006,автомат,3.0 л.,дизель,внедорожник 5 дв.,338000 км,10 150
Volkswagen Touareg I,https://cars.av.by/volkswagen/touareg/15971151,2005,2005,автомат,2.5 л.,дизель,внедорожник 5 дв.,241000 км,9 500
Volkswagen Touareg I (рестайлинг),https://cars.av.by/volkswagen/touareg/16576629,2008,2008,автомат,2.5 л.,дизель,внедорожник 5 дв.,288000 км,9 950
